"sample","arm","chr","frac_gain","frac_loss","status_50","scored_50","status_25","scored_25"
"B1_S01","1p",1,1,0,"GAIN",1,"GAIN",1
"B1_S01","1q",1,0.8888,0.1035,"GAIN",1,"GAIN",1
"B1_S01","2p",2,0,0,"NEUTRAL",0,"NEUTRAL",0
"B1_S01","2q",2,0,0,"NEUTRAL",0,"NEUTRAL",0
"B1_S01","3p",3,1,0,"GAIN",1,"GAIN",1
"B1_S01","3q",3,0.9973,0,"GAIN",1,"GAIN",1
"B1_S01","4p",4,0,0,"NEUTRAL",0,"NEUTRAL",0
"B1_S01","4q",4,0,0,"NEUTRAL",0,"NEUTRAL",0
"B1_S01","5p",5,0,0,"NEUTRAL",0,"NEUTRAL",0
"B1_S01","5q",5,0,0,"NEUTRAL",0,"NEUTRAL",0
"B1_S01","6p",6,0,0,"NEUTRAL",0,"NEUTRAL",0
"B1_S01","6q",6,0,0,"NEUTRAL",0,"NEUTRAL",0
"B1_S01","7p",7,0,0,"NEUTRAL",0,"NEUTRAL",0
"B1_S01","7q",7,0,0,"NEUTRAL",0,"NEUTRAL",0
"B1_S01","8p",8,0,1,"LOSS",1,"LOSS",1
"B1_S01","8q",8,0.04,0.9586,"LOSS",1,"LOSS",1
"B1_S01","9p",9,0,0,"NEUTRAL",0,"NEUTRAL",0
"B1_S01","9q",9,0,0,"NEUTRAL",0,"NEUTRAL",0
"B1_S01","10p",10,0,0,"NEUTRAL",0,"NEUTRAL",0
"B1_S01","10q",10,0,0,"NEUTRAL",0,"NEUTRAL",0
"B1_S01","11p",11,1,0,"GAIN",1,"GAIN",1
"B1_S01","11q",11,0.9989,0,"GAIN",1,"GAIN",1
"B1_S01","12p",12,0,0,"NEUTRAL",0,"NEUTRAL",0
"B1_S01","12q",12,0,0,"NEUTRAL",0,"NEUTRAL",0
"B1_S01","13q",13,0.2688,0.7312,"LOSS",1,"GAIN",1
"B1_S01","14q",14,1,0,"GAIN",1,"GAIN",1
"B1_S01","15q",15,0,0,"NEUTRAL",0,"NEUTRAL",0
"B1_S01","16p",16,0,0,"NEUTRAL",0,"NEUTRAL",0
"B1_S01","16q",16,0,0,"NEUTRAL",0,"NEUTRAL",0
"B1_S01","17p",17,0,0,"NEUTRAL",0,"NEUTRAL",0
"B1_S01","17q",17,0,0,"NEUTRAL",0,"NEUTRAL",0
"B1_S01","18p",18,0,1,"LOSS",1,"LOSS",1
"B1_S01","18q",18,0,0.994,"LOSS",1,"LOSS",1
"B1_S01","19p",19,0,1,"LOSS",1,"LOSS",1
"B1_S01","19q",19,0,0.981,"LOSS",1,"LOSS",1
"B1_S01","20p",20,0,0,"NEUTRAL",0,"NEUTRAL",0
"B1_S01","20q",20,0,0,"NEUTRAL",0,"NEUTRAL",0
"B1_S01","21q",21,0,0,"NEUTRAL",0,"NEUTRAL",0
"B1_S01","22q",22,0.9429,0,"GAIN",1,"GAIN",1
"B1_S02","1p",1,1,0,"GAIN",1,"GAIN",1
"B1_S02","1q",1,0.6977,0,"GAIN",1,"GAIN",1
"B1_S02","2p",2,0.1281,0,"NEUTRAL",0,"NEUTRAL",0
"B1_S02","2q",2,0.9987,0,"GAIN",1,"GAIN",1
"B1_S02","3p",3,0,0,"NEUTRAL",0,"NEUTRAL",0
"B1_S02","3q",3,0,0,"NEUTRAL",0,"NEUTRAL",0
"B1_S02","4p",4,0,0.7959,"LOSS",1,"LOSS",1
"B1_S02","4q",4,0,0.2425,"NEUTRAL",0,"NEUTRAL",0
"B1_S02","5p",5,1,0,"GAIN",1,"GAIN",1
"B1_S02","5q",5,0.9959,0,"GAIN",1,"GAIN",1
"B1_S02","6p",6,0,0,"NEUTRAL",0,"NEUTRAL",0
"B1_S02","6q",6,0,0,"NEUTRAL",0,"NEUTRAL",0
"B1_S02","7p",7,0,0,"NEUTRAL",0,"NEUTRAL",0
"B1_S02","7q",7,0,0,"NEUTRAL",0,"NEUTRAL",0
"B1_S02","8p",8,0,0,"NEUTRAL",0,"NEUTRAL",0
"B1_S02","8q",8,0,0,"NEUTRAL",0,"NEUTRAL",0
"B1_S02","9p",9,0,0,"NEUTRAL",0,"NEUTRAL",0
"B1_S02","9q",9,0,0,"NEUTRAL",0,"NEUTRAL",0
"B1_S02","10p",10,0,0,"NEUTRAL",0,"NEUTRAL",0
"B1_S02","10q",10,0,0,"NEUTRAL",0,"NEUTRAL",0
"B1_S02","11p",11,0,0,"NEUTRAL",0,"NEUTRAL",0
"B1_S02","11q",11,0.2816,0,"NEUTRAL",0,"GAIN",1
"B1_S02","12p",12,0,0,"NEUTRAL",0,"NEUTRAL",0
"B1_S02","12q",12,0,0,"NEUTRAL",0,"NEUTRAL",0
"B1_S02","13q",13,0,0,"NEUTRAL",0,"NEUTRAL",0
"B1_S02","14q",14,0,0,"NEUTRAL",0,"NEUTRAL",0
"B1_S02","15q",15,0,0,"NEUTRAL",0,"NEUTRAL",0
"B1_S02","16p",16,0,0,"NEUTRAL",0,"NEUTRAL",0
"B1_S02","16q",16,0,0,"NEUTRAL",0,"NEUTRAL",0
"B1_S02","17p",17,0,1,"LOSS",1,"LOSS",1
"B1_S02","17q",17,0,0.9956,"LOSS",1,"LOSS",1
"B1_S02","18p",18,0,0,"NEUTRAL",0,"NEUTRAL",0
"B1_S02","18q",18,0,0,"NEUTRAL",0,"NEUTRAL",0
"B1_S02","19p",19,0,1,"LOSS",1,"LOSS",1
"B1_S02","19q",19,0,0.981,"LOSS",1,"LOSS",1
"B1_S02","20p",20,0,0,"NEUTRAL",0,"NEUTRAL",0
"B1_S02","20q",20,0,0,"NEUTRAL",0,"NEUTRAL",0
"B1_S02","21q",21,0.9783,0,"GAIN",1,"GAIN",1
"B1_S02","22q",22,0.9429,0,"GAIN",1,"GAIN",1
"B1_S05","1p",1,0.4902,0,"NEUTRAL",0,"GAIN",1
"B1_S05","1q",1,0,0.1832,"NEUTRAL",0,"NEUTRAL",0
"B1_S05","2p",2,0,1,"LOSS",1,"LOSS",1
"B1_S05","2q",2,0,0.9987,"LOSS",1,"LOSS",1
"B1_S05","3p",3,0,0,"NEUTRAL",0,"NEUTRAL",0
"B1_S05","3q",3,0,0,"NEUTRAL",0,"NEUTRAL",0
"B1_S05","4p",4,0,0,"NEUTRAL",0,"NEUTRAL",0
"B1_S05","4q",4,0,0.4422,"NEUTRAL",0,"LOSS",1
"B1_S05","5p",5,1,0,"GAIN",1,"GAIN",1
"B1_S05","5q",5,0.9959,0,"GAIN",1,"GAIN",1
"B1_S05","6p",6,0,1,"LOSS",1,"LOSS",1
"B1_S05","6q",6,0,0.9928,"LOSS",1,"LOSS",1
"B1_S05","7p",7,0,0,"NEUTRAL",0,"NEUTRAL",0
"B1_S05","7q",7,0,0,"NEUTRAL",0,"NEUTRAL",0
"B1_S05","8p",8,0,0,"NEUTRAL",0,"NEUTRAL",0
"B1_S05","8q",8,0,0,"NEUTRAL",0,"NEUTRAL",0
"B1_S05","9p",9,0,0,"NEUTRAL",0,"NEUTRAL",0
"B1_S05","9q",9,0,0,"NEUTRAL",0,"NEUTRAL",0
"B1_S05","10p",10,0,0,"NEUTRAL",0,"NEUTRAL",0
"B1_S05","10q",10,0,0,"NEUTRAL",0,"NEUTRAL",0
"B1_S05","11p",11,0,0,"NEUTRAL",0,"NEUTRAL",0
"B1_S05","11q",11,0.2816,0,"NEUTRAL",0,"GAIN",1
"B1_S05","12p",12,0,0,"NEUTRAL",0,"NEUTRAL",0
"B1_S05","12q",12,0,0,"NEUTRAL",0,"NEUTRAL",0
"B1_S05","13q",13,0,0,"NEUTRAL",0,"NEUTRAL",0
"B1_S05","14q",14,0,0,"NEUTRAL",0,"NEUTRAL",0
"B1_S05","15q",15,0,0,"NEUTRAL",0,"NEUTRAL",0
"B1_S05","16p",16,0,0,"NEUTRAL",0,"NEUTRAL",0
"B1_S05","16q",16,0,0,"NEUTRAL",0,"NEUTRAL",0
"B1_S05","17p",17,0,1,"LOSS",1,"LOSS",1
"B1_S05","17q",17,0,0.9956,"LOSS",1,"LOSS",1
"B1_S05","18p",18,0,0,"NEUTRAL",0,"NEUTRAL",0
"B1_S05","18q",18,0,0,"NEUTRAL",0,"NEUTRAL",0
"B1_S05","19p",19,0,1,"LOSS",1,"LOSS",1
"B1_S05","19q",19,0,0.981,"LOSS",1,"LOSS",1
"B1_S05","20p",20,0,0,"NEUTRAL",0,"NEUTRAL",0
"B1_S05","20q",20,0,0.8254,"LOSS",1,"LOSS",1
"B1_S05","21q",21,0,0,"NEUTRAL",0,"NEUTRAL",0
"B1_S05","22q",22,0.9429,0,"GAIN",1,"GAIN",1
"B2_S01","1p",1,0,0,"NEUTRAL",0,"NEUTRAL",0
"B2_S01","1q",1,0,0,"NEUTRAL",0,"NEUTRAL",0
"B2_S01","2p",2,0,0,"NEUTRAL",0,"NEUTRAL",0
"B2_S01","2q",2,0,0,"NEUTRAL",0,"NEUTRAL",0
"B2_S01","3p",3,0,0,"NEUTRAL",0,"NEUTRAL",0
"B2_S01","3q",3,0,0,"NEUTRAL",0,"NEUTRAL",0
"B2_S01","4p",4,0.9796,0,"GAIN",1,"GAIN",1
"B2_S01","4q",4,0.9913,0,"GAIN",1,"GAIN",1
"B2_S01","5p",5,0,0,"NEUTRAL",0,"NEUTRAL",0
"B2_S01","5q",5,0,0,"NEUTRAL",0,"NEUTRAL",0
"B2_S01","6p",6,0,0,"NEUTRAL",0,"NEUTRAL",0
"B2_S01","6q",6,0,0,"NEUTRAL",0,"NEUTRAL",0
"B2_S01","7p",7,0,0,"NEUTRAL",0,"NEUTRAL",0
"B2_S01","7q",7,0,0.2015,"NEUTRAL",0,"NEUTRAL",0
"B2_S01","8p",8,0.7738,0.2262,"GAIN",1,"GAIN",1
"B2_S01","8q",8,0.9986,0,"GAIN",1,"GAIN",1
"B2_S01","9p",9,1,0,"GAIN",1,"GAIN",1
"B2_S01","9q",9,0.9959,0,"GAIN",1,"GAIN",1
"B2_S01","10p",10,0.6701,0.2577,"GAIN",1,"GAIN",1
"B2_S01","10q",10,0,0,"NEUTRAL",0,"NEUTRAL",0
"B2_S01","11p",11,1,0,"GAIN",1,"GAIN",1
"B2_S01","11q",11,0.9989,0,"GAIN",1,"GAIN",1
"B2_S01","12p",12,0,0,"NEUTRAL",0,"NEUTRAL",0
"B2_S01","12q",12,0.0818,0,"NEUTRAL",0,"NEUTRAL",0
"B2_S01","13q",13,0,0,"NEUTRAL",0,"NEUTRAL",0
"B2_S01","14q",14,0,0,"NEUTRAL",0,"NEUTRAL",0
"B2_S01","15q",15,0,0,"NEUTRAL",0,"NEUTRAL",0
"B2_S01","16p",16,0.7542,0,"GAIN",1,"GAIN",1
"B2_S01","16q",16,0,0,"NEUTRAL",0,"NEUTRAL",0
"B2_S01","17p",17,0.5851,0.4149,"GAIN",1,"GAIN",1
"B2_S01","17q",17,0.9956,0,"GAIN",1,"GAIN",1
"B2_S01","18p",18,0,0,"NEUTRAL",0,"NEUTRAL",0
"B2_S01","18q",18,0.598,0,"GAIN",1,"GAIN",1
"B2_S01","19p",19,0,1,"LOSS",1,"LOSS",1
"B2_S01","19q",19,0,0.981,"LOSS",1,"LOSS",1
"B2_S01","20p",20,0,0,"NEUTRAL",0,"NEUTRAL",0
"B2_S01","20q",20,0,0,"NEUTRAL",0,"NEUTRAL",0
"B2_S01","21q",21,0,0,"NEUTRAL",0,"NEUTRAL",0
"B2_S01","22q",22,0,0,"NEUTRAL",0,"NEUTRAL",0
"B2_S02","1p",1,1,0,"GAIN",1,"GAIN",1
"B2_S02","1q",1,0.8809,0.1115,"GAIN",1,"GAIN",1
"B2_S02","2p",2,0,0,"NEUTRAL",0,"NEUTRAL",0
"B2_S02","2q",2,0,0,"NEUTRAL",0,"NEUTRAL",0
"B2_S02","3p",3,0,0,"NEUTRAL",0,"NEUTRAL",0
"B2_S02","3q",3,0,0,"NEUTRAL",0,"NEUTRAL",0
"B2_S02","4p",4,0,0.9796,"LOSS",1,"LOSS",1
"B2_S02","4q",4,0,0.9913,"LOSS",1,"LOSS",1
"B2_S02","5p",5,1,0,"GAIN",1,"GAIN",1
"B2_S02","5q",5,0.9959,0,"GAIN",1,"GAIN",1
"B2_S02","6p",6,0,0,"NEUTRAL",0,"NEUTRAL",0
"B2_S02","6q",6,0,0,"NEUTRAL",0,"NEUTRAL",0
"B2_S02","7p",7,0,0,"NEUTRAL",0,"NEUTRAL",0
"B2_S02","7q",7,0,0,"NEUTRAL",0,"NEUTRAL",0
"B2_S02","8p",8,0,0,"NEUTRAL",0,"NEUTRAL",0
"B2_S02","8q",8,0,0,"NEUTRAL",0,"NEUTRAL",0
"B2_S02","9p",9,0,0,"NEUTRAL",0,"NEUTRAL",0
"B2_S02","9q",9,0,0,"NEUTRAL",0,"NEUTRAL",0
"B2_S02","10p",10,1,0,"GAIN",1,"GAIN",1
"B2_S02","10q",10,0.9915,0,"GAIN",1,"GAIN",1
"B2_S02","11p",11,0,0,"NEUTRAL",0,"NEUTRAL",0
"B2_S02","11q",11,0,0,"NEUTRAL",0,"NEUTRAL",0
"B2_S02","12p",12,0,0,"NEUTRAL",0,"NEUTRAL",0
"B2_S02","12q",12,0,0,"NEUTRAL",0,"NEUTRAL",0
"B2_S02","13q",13,0,0,"NEUTRAL",0,"NEUTRAL",0
"B2_S02","14q",14,0,0,"NEUTRAL",0,"NEUTRAL",0
"B2_S02","15q",15,1,0,"GAIN",1,"GAIN",1
"B2_S02","16p",16,0,0,"NEUTRAL",0,"NEUTRAL",0
"B2_S02","16q",16,0,0,"NEUTRAL",0,"NEUTRAL",0
"B2_S02","17p",17,1,0,"GAIN",1,"GAIN",1
"B2_S02","17q",17,0.9956,0,"GAIN",1,"GAIN",1
"B2_S02","18p",18,0,0,"NEUTRAL",0,"NEUTRAL",0
"B2_S02","18q",18,0,0,"NEUTRAL",0,"NEUTRAL",0
"B2_S02","19p",19,0,1,"LOSS",1,"LOSS",1
"B2_S02","19q",19,0,0.981,"LOSS",1,"LOSS",1
"B2_S02","20p",20,0,0,"NEUTRAL",0,"NEUTRAL",0
"B2_S02","20q",20,0,0,"NEUTRAL",0,"NEUTRAL",0
"B2_S02","21q",21,0.9783,0,"GAIN",1,"GAIN",1
"B2_S02","22q",22,0.9429,0,"GAIN",1,"GAIN",1
"B2_S03","1p",1,0.1552,0.3431,"NEUTRAL",0,"LOSS",1
"B2_S03","1q",1,0.7327,0,"GAIN",1,"GAIN",1
"B2_S03","2p",2,0,0,"NEUTRAL",0,"NEUTRAL",0
"B2_S03","2q",2,0,0,"NEUTRAL",0,"NEUTRAL",0
"B2_S03","3p",3,0.9566,0,"GAIN",1,"GAIN",1
"B2_S03","3q",3,0.9591,0,"GAIN",1,"GAIN",1
"B2_S03","4p",4,0,0,"NEUTRAL",0,"NEUTRAL",0
"B2_S03","4q",4,0,0.4636,"NEUTRAL",0,"LOSS",1
"B2_S03","5p",5,0,0.6067,"LOSS",1,"LOSS",1
"B2_S03","5q",5,0,0,"NEUTRAL",0,"NEUTRAL",0
"B2_S03","6p",6,0,0,"NEUTRAL",0,"NEUTRAL",0
"B2_S03","6q",6,0,0.6945,"LOSS",1,"LOSS",1
"B2_S03","7p",7,0,0,"NEUTRAL",0,"NEUTRAL",0
"B2_S03","7q",7,0,0,"NEUTRAL",0,"NEUTRAL",0
"B2_S03","8p",8,0,0,"NEUTRAL",0,"NEUTRAL",0
"B2_S03","8q",8,0.2401,0,"NEUTRAL",0,"NEUTRAL",0
"B2_S03","9p",9,0,0,"NEUTRAL",0,"NEUTRAL",0
"B2_S03","9q",9,0,0,"NEUTRAL",0,"NEUTRAL",0
"B2_S03","10p",10,0,0.6186,"LOSS",1,"LOSS",1
"B2_S03","10q",10,0.7341,0,"GAIN",1,"GAIN",1
"B2_S03","11p",11,0,0,"NEUTRAL",0,"NEUTRAL",0
"B2_S03","11q",11,0.2693,0,"NEUTRAL",0,"GAIN",1
"B2_S03","12p",12,1,0,"GAIN",1,"GAIN",1
"B2_S03","12q",12,0.987,0,"GAIN",1,"GAIN",1
"B2_S03","13q",13,0.5484,0.4516,"GAIN",1,"GAIN",1
"B2_S03","14q",14,0.3059,0.2588,"NEUTRAL",0,"GAIN",1
"B2_S03","15q",15,0,0,"NEUTRAL",0,"NEUTRAL",0
"B2_S03","16p",16,0,0,"NEUTRAL",0,"NEUTRAL",0
"B2_S03","16q",16,0,0,"NEUTRAL",0,"NEUTRAL",0
"B2_S03","17p",17,0,1,"LOSS",1,"LOSS",1
"B2_S03","17q",17,0,0.411,"NEUTRAL",0,"LOSS",1
"B2_S03","18p",18,0,0.7429,"LOSS",1,"LOSS",1
"B2_S03","18q",18,0,0.9374,"LOSS",1,"LOSS",1
"B2_S03","19p",19,0,1,"LOSS",1,"LOSS",1
"B2_S03","19q",19,0,0.981,"LOSS",1,"LOSS",1
"B2_S03","20p",20,0,0,"NEUTRAL",0,"NEUTRAL",0
"B2_S03","20q",20,0,0,"NEUTRAL",0,"NEUTRAL",0
"B2_S03","21q",21,0,0,"NEUTRAL",0,"NEUTRAL",0
"B2_S03","22q",22,0,0,"NEUTRAL",0,"NEUTRAL",0
"B2_S04","1p",1,0.2124,0,"NEUTRAL",0,"NEUTRAL",0
"B2_S04","1q",1,0.7805,0,"GAIN",1,"GAIN",1
"B2_S04","2p",2,0.915,0,"GAIN",1,"GAIN",1
"B2_S04","2q",2,0.0944,0,"NEUTRAL",0,"NEUTRAL",0
"B2_S04","3p",3,0,1,"LOSS",1,"LOSS",1
"B2_S04","3q",3,0,0.4944,"NEUTRAL",0,"LOSS",1
"B2_S04","4p",4,0.9388,0,"GAIN",1,"GAIN",1
"B2_S04","4q",4,0,0,"NEUTRAL",0,"NEUTRAL",0
"B2_S04","5p",5,0,0,"NEUTRAL",0,"NEUTRAL",0
"B2_S04","5q",5,0.9718,0,"GAIN",1,"GAIN",1
"B2_S04","6p",6,0.9739,0,"GAIN",1,"GAIN",1
"B2_S04","6q",6,0.7213,0,"GAIN",1,"GAIN",1
"B2_S04","7p",7,0,0,"NEUTRAL",0,"NEUTRAL",0
"B2_S04","7q",7,0,0.1713,"NEUTRAL",0,"NEUTRAL",0
"B2_S04","8p",8,0,0,"NEUTRAL",0,"NEUTRAL",0
"B2_S04","8q",8,0.9706,0,"GAIN",1,"GAIN",1
"B2_S04","9p",9,0.8095,0.1905,"GAIN",1,"GAIN",1
"B2_S04","9q",9,0.9015,0.0943,"GAIN",1,"GAIN",1
"B2_S04","10p",10,0.1546,0.6443,"LOSS",1,"LOSS",1
"B2_S04","10q",10,0,0,"NEUTRAL",0,"NEUTRAL",0
"B2_S04","11p",11,1,0,"GAIN",1,"GAIN",1
"B2_S04","11q",11,0.9989,0,"GAIN",1,"GAIN",1
"B2_S04","12p",12,0,0,"NEUTRAL",0,"NEUTRAL",0
"B2_S04","12q",12,0,0,"NEUTRAL",0,"NEUTRAL",0
"B2_S04","13q",13,0,0.8065,"LOSS",1,"LOSS",1
"B2_S04","14q",14,0.0706,0.0353,"NEUTRAL",0,"NEUTRAL",0
"B2_S04","15q",15,0,1,"LOSS",1,"LOSS",1
"B2_S04","16p",16,0,0,"NEUTRAL",0,"NEUTRAL",0
"B2_S04","16q",16,0,0.8032,"LOSS",1,"LOSS",1
"B2_S04","17p",17,0,0.7054,"LOSS",1,"LOSS",1
"B2_S04","17q",17,0.4815,0,"NEUTRAL",0,"GAIN",1
"B2_S04","18p",18,0,0.7429,"LOSS",1,"LOSS",1
"B2_S04","18q",18,0.1616,0,"NEUTRAL",0,"NEUTRAL",0
"B2_S04","19p",19,0,0.2381,"NEUTRAL",0,"NEUTRAL",0
"B2_S04","19q",19,0,0,"NEUTRAL",0,"NEUTRAL",0
"B2_S04","20p",20,0.8856,0,"GAIN",1,"GAIN",1
"B2_S04","20q",20,0.2201,0,"NEUTRAL",0,"NEUTRAL",0
"B2_S04","21q",21,0.9783,0,"GAIN",1,"GAIN",1
"B2_S04","22q",22,0,0,"NEUTRAL",0,"NEUTRAL",0
"B2_S05","1p",1,0.1797,0.0654,"NEUTRAL",0,"NEUTRAL",0
"B2_S05","1q",1,0.669,0,"GAIN",1,"GAIN",1
"B2_S05","2p",2,0.0646,0,"NEUTRAL",0,"NEUTRAL",0
"B2_S05","2q",2,0,0,"NEUTRAL",0,"NEUTRAL",0
"B2_S05","3p",3,1,0,"GAIN",1,"GAIN",1
"B2_S05","3q",3,0.4106,0.5866,"LOSS",1,"GAIN",1
"B2_S05","4p",4,0,0,"NEUTRAL",0,"NEUTRAL",0
"B2_S05","4q",4,0,0.0856,"NEUTRAL",0,"NEUTRAL",0
"B2_S05","5p",5,0.3515,0,"NEUTRAL",0,"GAIN",1
"B2_S05","5q",5,0.4083,0.1733,"NEUTRAL",0,"GAIN",1
"B2_S05","6p",6,0,0.5739,"LOSS",1,"LOSS",1
"B2_S05","6q",6,0,0.65,"LOSS",1,"LOSS",1
"B2_S05","7p",7,0,0,"NEUTRAL",0,"NEUTRAL",0
"B2_S05","7q",7,0,0,"NEUTRAL",0,"NEUTRAL",0
"B2_S05","8p",8,1,0,"GAIN",1,"GAIN",1
"B2_S05","8q",8,0.2682,0,"NEUTRAL",0,"GAIN",1
"B2_S05","9p",9,0,0,"NEUTRAL",0,"NEUTRAL",0
"B2_S05","9q",9,0,0,"NEUTRAL",0,"NEUTRAL",0
"B2_S05","10p",10,0,0.9278,"LOSS",1,"LOSS",1
"B2_S05","10q",10,0,0,"NEUTRAL",0,"NEUTRAL",0
"B2_S05","11p",11,0,0,"NEUTRAL",0,"NEUTRAL",0
"B2_S05","11q",11,0,0,"NEUTRAL",0,"NEUTRAL",0
"B2_S05","12p",12,0,0,"NEUTRAL",0,"NEUTRAL",0
"B2_S05","12q",12,0,0,"NEUTRAL",0,"NEUTRAL",0
"B2_S05","13q",13,0,0,"NEUTRAL",0,"NEUTRAL",0
"B2_S05","14q",14,0.1529,0,"NEUTRAL",0,"NEUTRAL",0
"B2_S05","15q",15,0,1,"LOSS",1,"LOSS",1
"B2_S05","16p",16,0,0,"NEUTRAL",0,"NEUTRAL",0
"B2_S05","16q",16,0,0,"NEUTRAL",0,"NEUTRAL",0
"B2_S05","17p",17,0,0,"NEUTRAL",0,"NEUTRAL",0
"B2_S05","17q",17,0,0,"NEUTRAL",0,"NEUTRAL",0
"B2_S05","18p",18,0,0,"NEUTRAL",0,"NEUTRAL",0
"B2_S05","18q",18,0,0,"NEUTRAL",0,"NEUTRAL",0
"B2_S05","19p",19,0,1,"LOSS",1,"LOSS",1
"B2_S05","19q",19,0,0.981,"LOSS",1,"LOSS",1
"B2_S05","20p",20,0,0,"NEUTRAL",0,"NEUTRAL",0
"B2_S05","20q",20,0,0,"NEUTRAL",0,"NEUTRAL",0
"B2_S05","21q",21,0,0.9783,"LOSS",1,"LOSS",1
"B2_S05","22q",22,0.9429,0,"GAIN",1,"GAIN",1
"B2_S06","1p",1,0,0.0899,"NEUTRAL",0,"NEUTRAL",0
"B2_S06","1q",1,0,0,"NEUTRAL",0,"NEUTRAL",0
"B2_S06","2p",2,0,0,"NEUTRAL",0,"NEUTRAL",0
"B2_S06","2q",2,0,0,"NEUTRAL",0,"NEUTRAL",0
"B2_S06","3p",3,0,0,"NEUTRAL",0,"NEUTRAL",0
"B2_S06","3q",3,0,0,"NEUTRAL",0,"NEUTRAL",0
"B2_S06","4p",4,0,0,"NEUTRAL",0,"NEUTRAL",0
"B2_S06","4q",4,0,0.0998,"NEUTRAL",0,"NEUTRAL",0
"B2_S06","5p",5,1,0,"GAIN",1,"GAIN",1
"B2_S06","5q",5,0.9959,0,"GAIN",1,"GAIN",1
"B2_S06","6p",6,0,0,"NEUTRAL",0,"NEUTRAL",0
"B2_S06","6q",6,0,0,"NEUTRAL",0,"NEUTRAL",0
"B2_S06","7p",7,0,0,"NEUTRAL",0,"NEUTRAL",0
"B2_S06","7q",7,0,0,"NEUTRAL",0,"NEUTRAL",0
"B2_S06","8p",8,0,0.1131,"NEUTRAL",0,"NEUTRAL",0
"B2_S06","8q",8,0,0,"NEUTRAL",0,"NEUTRAL",0
"B2_S06","9p",9,0,0,"NEUTRAL",0,"NEUTRAL",0
"B2_S06","9q",9,0,0,"NEUTRAL",0,"NEUTRAL",0
"B2_S06","10p",10,0,0,"NEUTRAL",0,"NEUTRAL",0
"B2_S06","10q",10,0,0,"NEUTRAL",0,"NEUTRAL",0
"B2_S06","11p",11,0,0,"NEUTRAL",0,"NEUTRAL",0
"B2_S06","11q",11,0,0,"NEUTRAL",0,"NEUTRAL",0
"B2_S06","12p",12,0,0,"NEUTRAL",0,"NEUTRAL",0
"B2_S06","12q",12,0,0,"NEUTRAL",0,"NEUTRAL",0
"B2_S06","13q",13,0,0,"NEUTRAL",0,"NEUTRAL",0
"B2_S06","14q",14,0,0,"NEUTRAL",0,"NEUTRAL",0
"B2_S06","15q",15,0,0,"NEUTRAL",0,"NEUTRAL",0
"B2_S06","16p",16,0,0,"NEUTRAL",0,"NEUTRAL",0
"B2_S06","16q",16,0,0,"NEUTRAL",0,"NEUTRAL",0
"B2_S06","17p",17,0,0,"NEUTRAL",0,"NEUTRAL",0
"B2_S06","17q",17,0,0,"NEUTRAL",0,"NEUTRAL",0
"B2_S06","18p",18,0,0,"NEUTRAL",0,"NEUTRAL",0
"B2_S06","18q",18,0,0,"NEUTRAL",0,"NEUTRAL",0
"B2_S06","19p",19,0,0,"NEUTRAL",0,"NEUTRAL",0
"B2_S06","19q",19,0,0,"NEUTRAL",0,"NEUTRAL",0
"B2_S06","20p",20,0,0,"NEUTRAL",0,"NEUTRAL",0
"B2_S06","20q",20,0,0,"NEUTRAL",0,"NEUTRAL",0
"B2_S06","21q",21,0.9783,0,"GAIN",1,"GAIN",1
"B2_S06","22q",22,0.9429,0,"GAIN",1,"GAIN",1
"B2_S07","1p",1,0.1797,0.1062,"NEUTRAL",0,"NEUTRAL",0
"B2_S07","1q",1,0.7726,0,"GAIN",1,"GAIN",1
"B2_S07","2p",2,0,0,"NEUTRAL",0,"NEUTRAL",0
"B2_S07","2q",2,0,0,"NEUTRAL",0,"NEUTRAL",0
"B2_S07","3p",3,0,0,"NEUTRAL",0,"NEUTRAL",0
"B2_S07","3q",3,0.1862,0.1024,"NEUTRAL",0,"NEUTRAL",0
"B2_S07","4p",4,0,0,"NEUTRAL",0,"NEUTRAL",0
"B2_S07","4q",4,0,0,"NEUTRAL",0,"NEUTRAL",0
"B2_S07","5p",5,0,0,"NEUTRAL",0,"NEUTRAL",0
"B2_S07","5q",5,0.0904,0,"NEUTRAL",0,"NEUTRAL",0
"B2_S07","6p",6,0.5043,0,"GAIN",1,"GAIN",1
"B2_S07","6q",6,0,0,"NEUTRAL",0,"NEUTRAL",0
"B2_S07","7p",7,0,0.0677,"NEUTRAL",0,"NEUTRAL",0
"B2_S07","7q",7,0,0,"NEUTRAL",0,"NEUTRAL",0
"B2_S07","8p",8,1,0,"GAIN",1,"GAIN",1
"B2_S07","8q",8,0.8485,0.1501,"GAIN",1,"GAIN",1
"B2_S07","9p",9,0.381,0.1429,"NEUTRAL",0,"GAIN",1
"B2_S07","9q",9,0,0.9959,"LOSS",1,"LOSS",1
"B2_S07","10p",10,0,0,"NEUTRAL",0,"NEUTRAL",0
"B2_S07","10q",10,0,0,"NEUTRAL",0,"NEUTRAL",0
"B2_S07","11p",11,0.2099,0,"NEUTRAL",0,"NEUTRAL",0
"B2_S07","11q",11,0.7223,0,"GAIN",1,"GAIN",1
"B2_S07","12p",12,0.6667,0.1159,"GAIN",1,"GAIN",1
"B2_S07","12q",12,0.3784,0,"NEUTRAL",0,"GAIN",1
"B2_S07","13q",13,0,0,"NEUTRAL",0,"NEUTRAL",0
"B2_S07","14q",14,0,0,"NEUTRAL",0,"NEUTRAL",0
"B2_S07","15q",15,0.2368,0,"NEUTRAL",0,"NEUTRAL",0
"B2_S07","16p",16,0,0,"NEUTRAL",0,"NEUTRAL",0
"B2_S07","16q",16,0,0.8032,"LOSS",1,"LOSS",1
"B2_S07","17p",17,0,0,"NEUTRAL",0,"NEUTRAL",0
"B2_S07","17q",17,0,0,"NEUTRAL",0,"NEUTRAL",0
"B2_S07","18p",18,0,0,"NEUTRAL",0,"NEUTRAL",0
"B2_S07","18q",18,0.4364,0,"NEUTRAL",0,"GAIN",1
"B2_S07","19p",19,1,0,"GAIN",1,"GAIN",1
"B2_S07","19q",19,0.981,0,"GAIN",1,"GAIN",1
"B2_S07","20p",20,1,0,"GAIN",1,"GAIN",1
"B2_S07","20q",20,0.9878,0,"GAIN",1,"GAIN",1
"B2_S07","21q",21,0,0,"NEUTRAL",0,"NEUTRAL",0
"B2_S07","22q",22,0,0,"NEUTRAL",0,"NEUTRAL",0
"B2_S08","1p",1,0,0.2157,"NEUTRAL",0,"NEUTRAL",0
"B2_S08","1q",1,0,0.9924,"LOSS",1,"LOSS",1
"B2_S08","2p",2,0,1,"LOSS",1,"LOSS",1
"B2_S08","2q",2,0,0.9987,"LOSS",1,"LOSS",1
"B2_S08","3p",3,0,0,"NEUTRAL",0,"NEUTRAL",0
"B2_S08","3q",3,0,0,"NEUTRAL",0,"NEUTRAL",0
"B2_S08","4p",4,0,0,"NEUTRAL",0,"NEUTRAL",0
"B2_S08","4q",4,0,0.378,"NEUTRAL",0,"LOSS",1
"B2_S08","5p",5,1,0,"GAIN",1,"GAIN",1
"B2_S08","5q",5,0.0994,0.8965,"LOSS",1,"LOSS",1
"B2_S08","6p",6,0,0,"NEUTRAL",0,"NEUTRAL",0
"B2_S08","6q",6,0,0.4363,"NEUTRAL",0,"LOSS",1
"B2_S08","7p",7,0.7462,0,"GAIN",1,"GAIN",1
"B2_S08","7q",7,0.9965,0,"GAIN",1,"GAIN",1
"B2_S08","8p",8,0,0.905,"LOSS",1,"LOSS",1
"B2_S08","8q",8,0,0,"NEUTRAL",0,"NEUTRAL",0
"B2_S08","9p",9,0.881,0,"GAIN",1,"GAIN",1
"B2_S08","9q",9,0.7233,0,"GAIN",1,"GAIN",1
"B2_S08","10p",10,0,1,"LOSS",1,"LOSS",1
"B2_S08","10q",10,0,0.9915,"LOSS",1,"LOSS",1
"B2_S08","11p",11,1,0,"GAIN",1,"GAIN",1
"B2_S08","11q",11,0.093,0,"NEUTRAL",0,"NEUTRAL",0
"B2_S08","12p",12,0,1,"LOSS",1,"LOSS",1
"B2_S08","12q",12,0,0.987,"LOSS",1,"LOSS",1
"B2_S08","13q",13,0,0,"NEUTRAL",0,"NEUTRAL",0
"B2_S08","14q",14,0,0,"NEUTRAL",0,"NEUTRAL",0
"B2_S08","15q",15,0,1,"LOSS",1,"LOSS",1
"B2_S08","16p",16,1,0,"GAIN",1,"GAIN",1
"B2_S08","16q",16,0.2092,0,"NEUTRAL",0,"NEUTRAL",0
"B2_S08","17p",17,0.3361,0.5809,"LOSS",1,"GAIN",1
"B2_S08","17q",17,0.9956,0,"GAIN",1,"GAIN",1
"B2_S08","18p",18,0,0,"NEUTRAL",0,"NEUTRAL",0
"B2_S08","18q",18,0,0,"NEUTRAL",0,"NEUTRAL",0
"B2_S08","19p",19,0,0.9127,"LOSS",1,"LOSS",1
"B2_S08","19q",19,0,0,"NEUTRAL",0,"NEUTRAL",0
"B2_S08","20p",20,1,0,"GAIN",1,"GAIN",1
"B2_S08","20q",20,0.9878,0,"GAIN",1,"GAIN",1
"B2_S08","21q",21,0,0,"NEUTRAL",0,"NEUTRAL",0
"B2_S08","22q",22,0,0.9429,"LOSS",1,"LOSS",1
"B2_S12","1p",1,0.1471,0.2206,"NEUTRAL",0,"NEUTRAL",0
"B2_S12","1q",1,0.7248,0,"GAIN",1,"GAIN",1
"B2_S12","2p",2,0.8181,0,"GAIN",1,"GAIN",1
"B2_S12","2q",2,0,0,"NEUTRAL",0,"NEUTRAL",0
"B2_S12","3p",3,0.4561,0,"NEUTRAL",0,"GAIN",1
"B2_S12","3q",3,0.7263,0,"GAIN",1,"GAIN",1
"B2_S12","4p",4,0,0.9796,"LOSS",1,"LOSS",1
"B2_S12","4q",4,0.7061,0.2853,"GAIN",1,"GAIN",1
"B2_S12","5p",5,0,0,"NEUTRAL",0,"NEUTRAL",0
"B2_S12","5q",5,0.7082,0,"GAIN",1,"GAIN",1
"B2_S12","6p",6,0,0,"NEUTRAL",0,"NEUTRAL",0
"B2_S12","6q",6,0,0.926,"LOSS",1,"LOSS",1
"B2_S12","7p",7,0,1,"LOSS",1,"LOSS",1
"B2_S12","7q",7,0.9068,0.0897,"GAIN",1,"GAIN",1
"B2_S12","8p",8,0,0,"NEUTRAL",0,"NEUTRAL",0
"B2_S12","8q",8,0.9706,0,"GAIN",1,"GAIN",1
"B2_S12","9p",9,0,0.881,"LOSS",1,"LOSS",1
"B2_S12","9q",9,0.7233,0,"GAIN",1,"GAIN",1
"B2_S12","10p",10,0,0,"NEUTRAL",0,"NEUTRAL",0
"B2_S12","10q",10,0.9575,0,"GAIN",1,"GAIN",1
"B2_S12","11p",11,0.7252,0,"GAIN",1,"GAIN",1
"B2_S12","11q",11,0,0.6733,"LOSS",1,"LOSS",1
"B2_S12","12p",12,0.8696,0.1014,"GAIN",1,"GAIN",1
"B2_S12","12q",12,0,0.2301,"NEUTRAL",0,"NEUTRAL",0
"B2_S12","13q",13,0,1,"LOSS",1,"LOSS",1
"B2_S12","14q",14,0,0,"NEUTRAL",0,"NEUTRAL",0
"B2_S12","15q",15,0,1,"LOSS",1,"LOSS",1
"B2_S12","16p",16,0,1,"LOSS",1,"LOSS",1
"B2_S12","16q",16,0,0.9937,"LOSS",1,"LOSS",1
"B2_S12","17p",17,0,0,"NEUTRAL",0,"NEUTRAL",0
"B2_S12","17q",17,0,0,"NEUTRAL",0,"NEUTRAL",0
"B2_S12","18p",18,0,0,"NEUTRAL",0,"NEUTRAL",0
"B2_S12","18q",18,0,0.8566,"LOSS",1,"LOSS",1
"B2_S12","19p",19,0,1,"LOSS",1,"LOSS",1
"B2_S12","19q",19,0,0.981,"LOSS",1,"LOSS",1
"B2_S12","20p",20,0,0,"NEUTRAL",0,"NEUTRAL",0
"B2_S12","20q",20,0,0,"NEUTRAL",0,"NEUTRAL",0
"B2_S12","21q",21,0.642,0,"GAIN",1,"GAIN",1
"B2_S12","22q",22,0.9429,0,"GAIN",1,"GAIN",1
"B2_S15","1p",1,0,1,"LOSS",1,"LOSS",1
"B2_S15","1q",1,0,0.9924,"LOSS",1,"LOSS",1
"B2_S15","2p",2,0.9473,0,"GAIN",1,"GAIN",1
"B2_S15","2q",2,0,0.8227,"LOSS",1,"LOSS",1
"B2_S15","3p",3,0,0.901,"LOSS",1,"LOSS",1
"B2_S15","3q",3,0,0,"NEUTRAL",0,"NEUTRAL",0
"B2_S15","4p",4,0.9796,0,"GAIN",1,"GAIN",1
"B2_S15","4q",4,0.9913,0,"GAIN",1,"GAIN",1
"B2_S15","5p",5,1,0,"GAIN",1,"GAIN",1
"B2_S15","5q",5,0.9959,0,"GAIN",1,"GAIN",1
"B2_S15","6p",6,0,0,"NEUTRAL",0,"NEUTRAL",0
"B2_S15","6q",6,0,0,"NEUTRAL",0,"NEUTRAL",0
"B2_S15","7p",7,0,1,"LOSS",1,"LOSS",1
"B2_S15","7q",7,0.796,0.2005,"GAIN",1,"GAIN",1
"B2_S15","8p",8,0,0,"NEUTRAL",0,"NEUTRAL",0
"B2_S15","8q",8,0.4603,0,"NEUTRAL",0,"GAIN",1
"B2_S15","9p",9,1,0,"GAIN",1,"GAIN",1
"B2_S15","9q",9,0.9959,0,"GAIN",1,"GAIN",1
"B2_S15","10p",10,0,0.8505,"LOSS",1,"LOSS",1
"B2_S15","10q",10,0,0,"NEUTRAL",0,"NEUTRAL",0
"B2_S15","11p",11,1,0,"GAIN",1,"GAIN",1
"B2_S15","11q",11,0.9989,0,"GAIN",1,"GAIN",1
"B2_S15","12p",12,0,1,"LOSS",1,"LOSS",1
"B2_S15","12q",12,0,0.987,"LOSS",1,"LOSS",1
"B2_S15","13q",13,0,1,"LOSS",1,"LOSS",1
"B2_S15","14q",14,1,0,"GAIN",1,"GAIN",1
"B2_S15","15q",15,0.7763,0.1974,"GAIN",1,"GAIN",1
"B2_S15","16p",16,1,0,"GAIN",1,"GAIN",1
"B2_S15","16q",16,0.9937,0,"GAIN",1,"GAIN",1
"B2_S15","17p",17,0,0.7054,"LOSS",1,"LOSS",1
"B2_S15","17q",17,0.9457,0,"GAIN",1,"GAIN",1
"B2_S15","18p",18,1,0,"GAIN",1,"GAIN",1
"B2_S15","18q",18,0.994,0,"GAIN",1,"GAIN",1
"B2_S15","19p",19,0,1,"LOSS",1,"LOSS",1
"B2_S15","19q",19,0,0.981,"LOSS",1,"LOSS",1
"B2_S15","20p",20,1,0,"GAIN",1,"GAIN",1
"B2_S15","20q",20,0.9878,0,"GAIN",1,"GAIN",1
"B2_S15","21q",21,0.9783,0,"GAIN",1,"GAIN",1
"B2_S15","22q",22,0.9429,0,"GAIN",1,"GAIN",1
"B2_S16","1p",1,0,0.1225,"NEUTRAL",0,"NEUTRAL",0
"B2_S16","1q",1,0.0796,0.0319,"NEUTRAL",0,"NEUTRAL",0
"B2_S16","2p",2,0,0,"NEUTRAL",0,"NEUTRAL",0
"B2_S16","2q",2,0,0.1079,"NEUTRAL",0,"NEUTRAL",0
"B2_S16","3p",3,0,0,"NEUTRAL",0,"NEUTRAL",0
"B2_S16","3q",3,0,0.3259,"NEUTRAL",0,"LOSS",1
"B2_S16","4p",4,0,0,"NEUTRAL",0,"NEUTRAL",0
"B2_S16","4q",4,0,0.0713,"NEUTRAL",0,"NEUTRAL",0
"B2_S16","5p",5,0,0,"NEUTRAL",0,"NEUTRAL",0
"B2_S16","5q",5,0,0,"NEUTRAL",0,"NEUTRAL",0
"B2_S16","6p",6,0,0,"NEUTRAL",0,"NEUTRAL",0
"B2_S16","6q",6,0,0.7213,"LOSS",1,"LOSS",1
"B2_S16","7p",7,0.4061,0.1371,"NEUTRAL",0,"GAIN",1
"B2_S16","7q",7,0.8162,0.1199,"GAIN",1,"GAIN",1
"B2_S16","8p",8,0.543,0.181,"GAIN",1,"GAIN",1
"B2_S16","8q",8,0.9706,0,"GAIN",1,"GAIN",1
"B2_S16","9p",9,0,0,"NEUTRAL",0,"NEUTRAL",0
"B2_S16","9q",9,0.1677,0.2726,"NEUTRAL",0,"LOSS",1
"B2_S16","10p",10,0.6701,0.3299,"GAIN",1,"GAIN",1
"B2_S16","10q",10,0.1383,0.8532,"LOSS",1,"LOSS",1
"B2_S16","11p",11,0,0,"NEUTRAL",0,"NEUTRAL",0
"B2_S16","11q",11,0.6978,0,"GAIN",1,"GAIN",1
"B2_S16","12p",12,0,0,"NEUTRAL",0,"NEUTRAL",0
"B2_S16","12q",12,0,0,"NEUTRAL",0,"NEUTRAL",0
"B2_S16","13q",13,0,0,"NEUTRAL",0,"NEUTRAL",0
"B2_S16","14q",14,0,0.4824,"NEUTRAL",0,"LOSS",1
"B2_S16","15q",15,0,0,"NEUTRAL",0,"NEUTRAL",0
"B2_S16","16p",16,0.7542,0,"GAIN",1,"GAIN",1
"B2_S16","16q",16,0,0.8032,"LOSS",1,"LOSS",1
"B2_S16","17p",17,0,0.7054,"LOSS",1,"LOSS",1
"B2_S16","17q",17,0.9457,0,"GAIN",1,"GAIN",1
"B2_S16","18p",18,1,0,"GAIN",1,"GAIN",1
"B2_S16","18q",18,0.994,0,"GAIN",1,"GAIN",1
"B2_S16","19p",19,0,0,"NEUTRAL",0,"NEUTRAL",0
"B2_S16","19q",19,0,0.1851,"NEUTRAL",0,"NEUTRAL",0
"B2_S16","20p",20,0,0,"NEUTRAL",0,"NEUTRAL",0
"B2_S16","20q",20,0,0,"NEUTRAL",0,"NEUTRAL",0
"B2_S16","21q",21,0.9783,0,"GAIN",1,"GAIN",1
"B2_S16","22q",22,0,0,"NEUTRAL",0,"NEUTRAL",0
"B3_S01","1p",1,0.4493,0,"NEUTRAL",0,"GAIN",1
"B3_S01","1q",1,0,0,"NEUTRAL",0,"NEUTRAL",0
"B3_S01","2p",2,1,0,"GAIN",1,"GAIN",1
"B3_S01","2q",2,0.7559,0,"GAIN",1,"GAIN",1
"B3_S01","3p",3,0,0,"NEUTRAL",0,"NEUTRAL",0
"B3_S01","3q",3,0,0,"NEUTRAL",0,"NEUTRAL",0
"B3_S01","4p",4,0,0,"NEUTRAL",0,"NEUTRAL",0
"B3_S01","4q",4,0,0.2781,"NEUTRAL",0,"LOSS",1
"B3_S01","5p",5,0,0,"NEUTRAL",0,"NEUTRAL",0
"B3_S01","5q",5,0,0,"NEUTRAL",0,"NEUTRAL",0
"B3_S01","6p",6,0,0,"NEUTRAL",0,"NEUTRAL",0
"B3_S01","6q",6,0,0.5966,"LOSS",1,"LOSS",1
"B3_S01","7p",7,1,0,"GAIN",1,"GAIN",1
"B3_S01","7q",7,0.4524,0,"NEUTRAL",0,"GAIN",1
"B3_S01","8p",8,0,0,"NEUTRAL",0,"NEUTRAL",0
"B3_S01","8q",8,0.5603,0,"GAIN",1,"GAIN",1
"B3_S01","9p",9,0.8571,0.1429,"GAIN",1,"GAIN",1
"B3_S01","9q",9,0.2516,0.7443,"LOSS",1,"GAIN",1
"B3_S01","10p",10,0,0,"NEUTRAL",0,"NEUTRAL",0
"B3_S01","10q",10,0,0,"NEUTRAL",0,"NEUTRAL",0
"B3_S01","11p",11,0,0,"NEUTRAL",0,"NEUTRAL",0
"B3_S01","11q",11,0.2816,0,"NEUTRAL",0,"GAIN",1
"B3_S01","12p",12,0,0,"NEUTRAL",0,"NEUTRAL",0
"B3_S01","12q",12,0,0,"NEUTRAL",0,"NEUTRAL",0
"B3_S01","13q",13,0,0,"NEUTRAL",0,"NEUTRAL",0
"B3_S01","14q",14,0.7294,0.2706,"GAIN",1,"GAIN",1
"B3_S01","15q",15,0,0,"NEUTRAL",0,"NEUTRAL",0
"B3_S01","16p",16,0,0,"NEUTRAL",0,"NEUTRAL",0
"B3_S01","16q",16,0,0,"NEUTRAL",0,"NEUTRAL",0
"B3_S01","17p",17,0,1,"LOSS",1,"LOSS",1
"B3_S01","17q",17,0,0.9956,"LOSS",1,"LOSS",1
"B3_S01","18p",18,0,0,"NEUTRAL",0,"NEUTRAL",0
"B3_S01","18q",18,0,0,"NEUTRAL",0,"NEUTRAL",0
"B3_S01","19p",19,0,1,"LOSS",1,"LOSS",1
"B3_S01","19q",19,0,0.981,"LOSS",1,"LOSS",1
"B3_S01","20p",20,0,0,"NEUTRAL",0,"NEUTRAL",0
"B3_S01","20q",20,0,0,"NEUTRAL",0,"NEUTRAL",0
"B3_S01","21q",21,0,0,"NEUTRAL",0,"NEUTRAL",0
"B3_S01","22q",22,0.9429,0,"GAIN",1,"GAIN",1
"B3_S04","1p",1,0.4902,0,"NEUTRAL",0,"GAIN",1
"B3_S04","1q",1,0.4381,0.2947,"NEUTRAL",0,"GAIN",1
"B3_S04","2p",2,0,0,"NEUTRAL",0,"NEUTRAL",0
"B3_S04","2q",2,0,0,"NEUTRAL",0,"NEUTRAL",0
"B3_S04","3p",3,0,0.178,"NEUTRAL",0,"NEUTRAL",0
"B3_S04","3q",3,0,0,"NEUTRAL",0,"NEUTRAL",0
"B3_S04","4p",4,0,0,"NEUTRAL",0,"NEUTRAL",0
"B3_S04","4q",4,0,0.2425,"NEUTRAL",0,"NEUTRAL",0
"B3_S04","5p",5,0,0,"NEUTRAL",0,"NEUTRAL",0
"B3_S04","5q",5,0,0,"NEUTRAL",0,"NEUTRAL",0
"B3_S04","6p",6,0,0.6435,"LOSS",1,"LOSS",1
"B3_S04","6q",6,0,0,"NEUTRAL",0,"NEUTRAL",0
"B3_S04","7p",7,0,0,"NEUTRAL",0,"NEUTRAL",0
"B3_S04","7q",7,0,0,"NEUTRAL",0,"NEUTRAL",0
"B3_S04","8p",8,0,0,"NEUTRAL",0,"NEUTRAL",0
"B3_S04","8q",8,0,0,"NEUTRAL",0,"NEUTRAL",0
"B3_S04","9p",9,0,0,"NEUTRAL",0,"NEUTRAL",0
"B3_S04","9q",9,0,0,"NEUTRAL",0,"NEUTRAL",0
"B3_S04","10p",10,0,0,"NEUTRAL",0,"NEUTRAL",0
"B3_S04","10q",10,0.2128,0,"NEUTRAL",0,"NEUTRAL",0
"B3_S04","11p",11,1,0,"GAIN",1,"GAIN",1
"B3_S04","11q",11,0.9989,0,"GAIN",1,"GAIN",1
"B3_S04","12p",12,0,0,"NEUTRAL",0,"NEUTRAL",0
"B3_S04","12q",12,0,0,"NEUTRAL",0,"NEUTRAL",0
"B3_S04","13q",13,0.2473,0,"NEUTRAL",0,"NEUTRAL",0
"B3_S04","14q",14,0,0,"NEUTRAL",0,"NEUTRAL",0
"B3_S04","15q",15,0,0,"NEUTRAL",0,"NEUTRAL",0
"B3_S04","16p",16,0,0,"NEUTRAL",0,"NEUTRAL",0
"B3_S04","16q",16,0,0,"NEUTRAL",0,"NEUTRAL",0
"B3_S04","17p",17,0,1,"LOSS",1,"LOSS",1
"B3_S04","17q",17,0,0.9956,"LOSS",1,"LOSS",1
"B3_S04","18p",18,0,0,"NEUTRAL",0,"NEUTRAL",0
"B3_S04","18q",18,0,0,"NEUTRAL",0,"NEUTRAL",0
"B3_S04","19p",19,0,1,"LOSS",1,"LOSS",1
"B3_S04","19q",19,0,0.981,"LOSS",1,"LOSS",1
"B3_S04","20p",20,1,0,"GAIN",1,"GAIN",1
"B3_S04","20q",20,0.9878,0,"GAIN",1,"GAIN",1
"B3_S04","21q",21,0,0,"NEUTRAL",0,"NEUTRAL",0
"B3_S04","22q",22,0.9429,0,"GAIN",1,"GAIN",1
"B3_S05","1p",1,1,0,"GAIN",1,"GAIN",1
"B3_S05","1q",1,0.8809,0.1115,"GAIN",1,"GAIN",1
"B3_S05","2p",2,0,0,"NEUTRAL",0,"NEUTRAL",0
"B3_S05","2q",2,0,0,"NEUTRAL",0,"NEUTRAL",0
"B3_S05","3p",3,1,0,"GAIN",1,"GAIN",1
"B3_S05","3q",3,0.9973,0,"GAIN",1,"GAIN",1
"B3_S05","4p",4,0,0,"NEUTRAL",0,"NEUTRAL",0
"B3_S05","4q",4,0,0.0998,"NEUTRAL",0,"NEUTRAL",0
"B3_S05","5p",5,0,0,"NEUTRAL",0,"NEUTRAL",0
"B3_S05","5q",5,0,0,"NEUTRAL",0,"NEUTRAL",0
"B3_S05","6p",6,0,0,"NEUTRAL",0,"NEUTRAL",0
"B3_S05","6q",6,0,0,"NEUTRAL",0,"NEUTRAL",0
"B3_S05","7p",7,0,0,"NEUTRAL",0,"NEUTRAL",0
"B3_S05","7q",7,0,0,"NEUTRAL",0,"NEUTRAL",0
"B3_S05","8p",8,0,0,"NEUTRAL",0,"NEUTRAL",0
"B3_S05","8q",8,0,0,"NEUTRAL",0,"NEUTRAL",0
"B3_S05","9p",9,1,0,"GAIN",1,"GAIN",1
"B3_S05","9q",9,0.9959,0,"GAIN",1,"GAIN",1
"B3_S05","10p",10,0,0,"NEUTRAL",0,"NEUTRAL",0
"B3_S05","10q",10,0,0,"NEUTRAL",0,"NEUTRAL",0
"B3_S05","11p",11,1,0,"GAIN",1,"GAIN",1
"B3_S05","11q",11,0.9989,0,"GAIN",1,"GAIN",1
"B3_S05","12p",12,1,0,"GAIN",1,"GAIN",1
"B3_S05","12q",12,0.987,0,"GAIN",1,"GAIN",1
"B3_S05","13q",13,0,0,"NEUTRAL",0,"NEUTRAL",0
"B3_S05","14q",14,0.6941,0.3059,"GAIN",1,"GAIN",1
"B3_S05","15q",15,0,0,"NEUTRAL",0,"NEUTRAL",0
"B3_S05","16p",16,1,0,"GAIN",1,"GAIN",1
"B3_S05","16q",16,0.9937,0,"GAIN",1,"GAIN",1
"B3_S05","17p",17,0,0,"NEUTRAL",0,"NEUTRAL",0
"B3_S05","17q",17,0,0,"NEUTRAL",0,"NEUTRAL",0
"B3_S05","18p",18,0,0,"NEUTRAL",0,"NEUTRAL",0
"B3_S05","18q",18,0,0,"NEUTRAL",0,"NEUTRAL",0
"B3_S05","19p",19,0,0,"NEUTRAL",0,"NEUTRAL",0
"B3_S05","19q",19,0,0.6787,"LOSS",1,"LOSS",1
"B3_S05","20p",20,0,0,"NEUTRAL",0,"NEUTRAL",0
"B3_S05","20q",20,0,0,"NEUTRAL",0,"NEUTRAL",0
"B3_S05","21q",21,0,0,"NEUTRAL",0,"NEUTRAL",0
"B3_S05","22q",22,0.9429,0,"GAIN",1,"GAIN",1
"B3_S06","1p",1,0,0.1144,"NEUTRAL",0,"NEUTRAL",0
"B3_S06","1q",1,0,0,"NEUTRAL",0,"NEUTRAL",0
"B3_S06","2p",2,0,0,"NEUTRAL",0,"NEUTRAL",0
"B3_S06","2q",2,0,0,"NEUTRAL",0,"NEUTRAL",0
"B3_S06","3p",3,0,0,"NEUTRAL",0,"NEUTRAL",0
"B3_S06","3q",3,0,0,"NEUTRAL",0,"NEUTRAL",0
"B3_S06","4p",4,0,0,"NEUTRAL",0,"NEUTRAL",0
"B3_S06","4q",4,0,0,"NEUTRAL",0,"NEUTRAL",0
"B3_S06","5p",5,1,0,"GAIN",1,"GAIN",1
"B3_S06","5q",5,0.9959,0,"GAIN",1,"GAIN",1
"B3_S06","6p",6,0,0,"NEUTRAL",0,"NEUTRAL",0
"B3_S06","6q",6,0,0,"NEUTRAL",0,"NEUTRAL",0
"B3_S06","7p",7,0,0,"NEUTRAL",0,"NEUTRAL",0
"B3_S06","7q",7,0,0,"NEUTRAL",0,"NEUTRAL",0
"B3_S06","8p",8,0,0,"NEUTRAL",0,"NEUTRAL",0
"B3_S06","8q",8,0,0,"NEUTRAL",0,"NEUTRAL",0
"B3_S06","9p",9,0,0,"NEUTRAL",0,"NEUTRAL",0
"B3_S06","9q",9,0,0,"NEUTRAL",0,"NEUTRAL",0
"B3_S06","10p",10,0,0,"NEUTRAL",0,"NEUTRAL",0
"B3_S06","10q",10,0,0,"NEUTRAL",0,"NEUTRAL",0
"B3_S06","11p",11,0,0,"NEUTRAL",0,"NEUTRAL",0
"B3_S06","11q",11,0,0,"NEUTRAL",0,"NEUTRAL",0
"B3_S06","12p",12,0,0,"NEUTRAL",0,"NEUTRAL",0
"B3_S06","12q",12,0,0,"NEUTRAL",0,"NEUTRAL",0
"B3_S06","13q",13,0,0,"NEUTRAL",0,"NEUTRAL",0
"B3_S06","14q",14,0,0,"NEUTRAL",0,"NEUTRAL",0
"B3_S06","15q",15,0,0,"NEUTRAL",0,"NEUTRAL",0
"B3_S06","16p",16,0,0,"NEUTRAL",0,"NEUTRAL",0
"B3_S06","16q",16,0,0,"NEUTRAL",0,"NEUTRAL",0
"B3_S06","17p",17,0,0,"NEUTRAL",0,"NEUTRAL",0
"B3_S06","17q",17,0,0,"NEUTRAL",0,"NEUTRAL",0
"B3_S06","18p",18,0,0,"NEUTRAL",0,"NEUTRAL",0
"B3_S06","18q",18,0,0,"NEUTRAL",0,"NEUTRAL",0
"B3_S06","19p",19,0,0,"NEUTRAL",0,"NEUTRAL",0
"B3_S06","19q",19,0,0,"NEUTRAL",0,"NEUTRAL",0
"B3_S06","20p",20,0,0,"NEUTRAL",0,"NEUTRAL",0
"B3_S06","20q",20,0,0,"NEUTRAL",0,"NEUTRAL",0
"B3_S06","21q",21,0.9783,0,"GAIN",1,"GAIN",1
"B3_S06","22q",22,0,0,"NEUTRAL",0,"NEUTRAL",0
"B3_S08","1p",1,0.0899,0,"NEUTRAL",0,"NEUTRAL",0
"B3_S08","1q",1,0,0,"NEUTRAL",0,"NEUTRAL",0
"B3_S08","2p",2,0.8396,0,"GAIN",1,"GAIN",1
"B3_S08","2q",2,0,0.0135,"NEUTRAL",0,"NEUTRAL",0
"B3_S08","3p",3,0,0,"NEUTRAL",0,"NEUTRAL",0
"B3_S08","3q",3,0,0,"NEUTRAL",0,"NEUTRAL",0
"B3_S08","4p",4,0,0,"NEUTRAL",0,"NEUTRAL",0
"B3_S08","4q",4,0,0,"NEUTRAL",0,"NEUTRAL",0
"B3_S08","5p",5,0,0,"NEUTRAL",0,"NEUTRAL",0
"B3_S08","5q",5,0,0,"NEUTRAL",0,"NEUTRAL",0
"B3_S08","6p",6,0.3826,0.4783,"NEUTRAL",0,"GAIN",1
"B3_S08","6q",6,0,0.8504,"LOSS",1,"LOSS",1
"B3_S08","7p",7,0,0,"NEUTRAL",0,"NEUTRAL",0
"B3_S08","7q",7,0,0.0806,"NEUTRAL",0,"NEUTRAL",0
"B3_S08","8p",8,0,0,"NEUTRAL",0,"NEUTRAL",0
"B3_S08","8q",8,0,0,"NEUTRAL",0,"NEUTRAL",0
"B3_S08","9p",9,0,0,"NEUTRAL",0,"NEUTRAL",0
"B3_S08","9q",9,0,0,"NEUTRAL",0,"NEUTRAL",0
"B3_S08","10p",10,0.1804,0.7474,"LOSS",1,"LOSS",1
"B3_S08","10q",10,0.0213,0.8724,"LOSS",1,"LOSS",1
"B3_S08","11p",11,0,0,"NEUTRAL",0,"NEUTRAL",0
"B3_S08","11q",11,0,0,"NEUTRAL",0,"NEUTRAL",0
"B3_S08","12p",12,0,1,"LOSS",1,"LOSS",1
"B3_S08","12q",12,0.0716,0.6495,"LOSS",1,"LOSS",1
"B3_S08","13q",13,0,0.3333,"NEUTRAL",0,"LOSS",1
"B3_S08","14q",14,0,0,"NEUTRAL",0,"NEUTRAL",0
"B3_S08","15q",15,0,0,"NEUTRAL",0,"NEUTRAL",0
"B3_S08","16p",16,0,0,"NEUTRAL",0,"NEUTRAL",0
"B3_S08","16q",16,0,0,"NEUTRAL",0,"NEUTRAL",0
"B3_S08","17p",17,0,0.7054,"LOSS",1,"LOSS",1
"B3_S08","17q",17,0,0,"NEUTRAL",0,"NEUTRAL",0
"B3_S08","18p",18,0,0.7429,"LOSS",1,"LOSS",1
"B3_S08","18q",18,0.9374,0,"GAIN",1,"GAIN",1
"B3_S08","19p",19,0,0.119,"NEUTRAL",0,"NEUTRAL",0
"B3_S08","19q",19,0.3702,0.401,"NEUTRAL",0,"GAIN",1
"B3_S08","20p",20,0,0,"NEUTRAL",0,"NEUTRAL",0
"B3_S08","20q",20,0,0,"NEUTRAL",0,"NEUTRAL",0
"B3_S08","21q",21,0,0.3363,"NEUTRAL",0,"LOSS",1
"B3_S08","22q",22,0,0,"NEUTRAL",0,"NEUTRAL",0
"B3_S09","1p",1,0,0,"NEUTRAL",0,"NEUTRAL",0
"B3_S09","1q",1,0,0,"NEUTRAL",0,"NEUTRAL",0
"B3_S09","2p",2,1,0,"GAIN",1,"GAIN",1
"B3_S09","2q",2,0.938,0.0539,"GAIN",1,"GAIN",1
"B3_S09","3p",3,0,1,"LOSS",1,"LOSS",1
"B3_S09","3q",3,0,0.9973,"LOSS",1,"LOSS",1
"B3_S09","4p",4,0,0,"NEUTRAL",0,"NEUTRAL",0
"B3_S09","4q",4,0,0,"NEUTRAL",0,"NEUTRAL",0
"B3_S09","5p",5,0,0,"NEUTRAL",0,"NEUTRAL",0
"B3_S09","5q",5,0,0,"NEUTRAL",0,"NEUTRAL",0
"B3_S09","6p",6,0,0,"NEUTRAL",0,"NEUTRAL",0
"B3_S09","6q",6,0,0,"NEUTRAL",0,"NEUTRAL",0
"B3_S09","7p",7,0,0,"NEUTRAL",0,"NEUTRAL",0
"B3_S09","7q",7,0,0,"NEUTRAL",0,"NEUTRAL",0
"B3_S09","8p",8,0,0,"NEUTRAL",0,"NEUTRAL",0
"B3_S09","8q",8,0,0,"NEUTRAL",0,"NEUTRAL",0
"B3_S09","9p",9,0,0,"NEUTRAL",0,"NEUTRAL",0
"B3_S09","9q",9,0.3459,0.3774,"NEUTRAL",0,"GAIN",1
"B3_S09","10p",10,0,0.2062,"NEUTRAL",0,"NEUTRAL",0
"B3_S09","10q",10,0,0,"NEUTRAL",0,"NEUTRAL",0
"B3_S09","11p",11,0,0,"NEUTRAL",0,"NEUTRAL",0
"B3_S09","11q",11,0,0,"NEUTRAL",0,"NEUTRAL",0
"B3_S09","12p",12,0,0,"NEUTRAL",0,"NEUTRAL",0
"B3_S09","12q",12,0,0,"NEUTRAL",0,"NEUTRAL",0
"B3_S09","13q",13,0,1,"LOSS",1,"LOSS",1
"B3_S09","14q",14,0.1765,0,"NEUTRAL",0,"NEUTRAL",0
"B3_S09","15q",15,0,0,"NEUTRAL",0,"NEUTRAL",0
"B3_S09","16p",16,0,0,"NEUTRAL",0,"NEUTRAL",0
"B3_S09","16q",16,0,0,"NEUTRAL",0,"NEUTRAL",0
"B3_S09","17p",17,0,0,"NEUTRAL",0,"NEUTRAL",0
"B3_S09","17q",17,0,0,"NEUTRAL",0,"NEUTRAL",0
"B3_S09","18p",18,0,0,"NEUTRAL",0,"NEUTRAL",0
"B3_S09","18q",18,0.9374,0,"GAIN",1,"GAIN",1
"B3_S09","19p",19,0.6746,0,"GAIN",1,"GAIN",1
"B3_S09","19q",19,0,0.7095,"LOSS",1,"LOSS",1
"B3_S09","20p",20,0,0,"NEUTRAL",0,"NEUTRAL",0
"B3_S09","20q",20,0,0,"NEUTRAL",0,"NEUTRAL",0
"B3_S09","21q",21,0,0,"NEUTRAL",0,"NEUTRAL",0
"B3_S09","22q",22,0,0,"NEUTRAL",0,"NEUTRAL",0
