type,cytoband,gene
Amplification,8q24.3,ADGRB1
Amplification,8q24.3,CYC1
Amplification,8q24.3,CYP11B1
Amplification,8q24.3,CYP11B2
Amplification,8q24.3,EEF1D
Amplification,8q24.3,GLI4
Amplification,8q24.3,GML
Amplification,8q24.3,GPR20
Amplification,8q24.3,GPT
Amplification,8q24.3,GRINA
Amplification,8q24.3,HSF1
Amplification,8q24.3,KCNQ3
Amplification,8q24.3,LY6E
Amplification,8q24.3,LY6H
Amplification,8q24.3,MYC
Amplification,8q24.3,TONSL
Amplification,8q24.3,PLEC
Amplification,8q24.3,POU5F1B
Amplification,8q24.3,PTK2
Amplification,8q24.3,PVT1
Amplification,8q24.3,RPL8
Amplification,8q24.3,ST3GAL1
Amplification,8q24.3,SLA
Amplification,8q24.3,SQLE
Amplification,8q24.3,TG
Amplification,8q24.3,TSTA3
Amplification,8q24.3,ZNF7
Amplification,8q24.3,ZNF16
Amplification,8q24.3,PSCA
Amplification,8q24.3,LY6D
Amplification,8q24.3,JRK
Amplification,8q24.3,DGAT1
Amplification,8q24.3,GPAA1
Amplification,8q24.3,WISP1
Amplification,8q24.3,FOXH1
Amplification,8q24.3,RECQL4
Amplification,8q24.3,LRRC14
Amplification,8q24.3,ZNF623
Amplification,8q24.3,KIAA0196
Amplification,8q24.3,HHLA1
Amplification,8q24.3,TRIB1
Amplification,8q24.3,NDRG1
Amplification,8q24.3,KHDRBS3
Amplification,8q24.3,PTP4A3
Amplification,8q24.3,PUF60
Amplification,8q24.3,DENND3
Amplification,8q24.3,ZC3H3
Amplification,8q24.3,EFR3A
Amplification,8q24.3,ARC
Amplification,8q24.3,BOP1
Amplification,8q24.3,SCRIB
Amplification,8q24.3,LRRC6
Amplification,8q24.3,FBXL6
Amplification,8q24.3,OPLAH
Amplification,8q24.3,AGO2
Amplification,8q24.3,COMMD5
Amplification,8q24.3,ASAP1-IT1
Amplification,8q24.3,CPSF1
Amplification,8q24.3,CYHR1
Amplification,8q24.3,ASAP1
Amplification,8q24.3,FAM135B
Amplification,8q24.3,PHF20L1
Amplification,8q24.3,VPS28
Amplification,8q24.3,HGH1
Amplification,8q24.3,KCNK9
Amplification,8q24.3,THEM6
Amplification,8q24.3,FAM49B
Amplification,8q24.3,CHRAC1
Amplification,8q24.3,EXOSC4
Amplification,8q24.3,LY6K
Amplification,8q24.3,SLC39A4
Amplification,8q24.3,GSDMC
Amplification,8q24.3,SLURP1
Amplification,8q24.3,SLC45A4
Amplification,8q24.3,ZFAT
Amplification,8q24.3,ZNF250
Amplification,8q24.3,PYCRL
Amplification,8q24.3,C8orf33
Amplification,8q24.3,LYNX1
Amplification,8q24.3,RHPN1-AS1
Amplification,8q24.3,SLC52A2
Amplification,8q24.3,GSDMD
Amplification,8q24.3,ZNF696
Amplification,8q24.3,ARHGAP39
Amplification,8q24.3,ZNF34
Amplification,8q24.3,SHARPIN
Amplification,8q24.3,EPPK1
Amplification,8q24.3,SCRT1
Amplification,8q24.3,TRAPPC9
Amplification,8q24.3,MAF1
Amplification,8q24.3,PARP10
Amplification,8q24.3,TIGD5
Amplification,8q24.3,PPP1R16A
Amplification,8q24.3,ZNF251
Amplification,8q24.3,KIFC2
Amplification,8q24.3,NAPRT
Amplification,8q24.3,HPYR1
Amplification,8q24.3,MFSD3
Amplification,8q24.3,RHPN1
Amplification,8q24.3,TOP1MT
Amplification,8q24.3,CCDC26
Amplification,8q24.3,LYPD2
Amplification,8q24.3,TMEM71
Amplification,8q24.3,FAM84B
Amplification,8q24.3,COL22A1
Amplification,8q24.3,ADCK5
Amplification,8q24.3,TSNARE1
Amplification,8q24.3,MAPK15
Amplification,8q24.3,NSMCE2
Amplification,8q24.3,ZNF707
Amplification,8q24.3,BREA2
Amplification,8q24.3,FAM83H
Amplification,8q24.3,ZNF252P
Amplification,8q24.3,TMED10P1
Amplification,8q24.3,ZNF252P-AS1
Amplification,8q24.3,C8orf31
Amplification,8q24.3,ZFP41
Amplification,8q24.3,GPIHBP1
Amplification,8q24.3,NRBP2
Amplification,8q24.3,ZNF517
Amplification,8q24.3,WDR97
Amplification,8q24.3,TMEM249
Amplification,8q24.3,SPATC1
Amplification,8q24.3,MROH5
Amplification,8q24.3,MAFA
Amplification,8q24.3,C8orf82
Amplification,8q24.3,LRRC24
Amplification,8q24.3,NCRNA00250
Amplification,8q24.3,ZFAT-AS1
Amplification,8q24.3,TMEM75
Amplification,8q24.3,MROH6
Amplification,8q24.3,SCX
Amplification,8q24.3,CASC8
Amplification,8q24.3,MROH1
Amplification,8q24.3,OC90
Amplification,8q24.3,FAM83H-AS1
Amplification,8q24.3,CDC42P3
Amplification,8q24.3,CCDC166
Amplification,8q24.3,CASC11
Amplification,8q24.3,TONSL-AS1
Amplification,8q24.3,CCAT1
Amplification,8q24.3,ASAP1-IT2
Amplification,8q24.3,MINCR
Amplification,8q24.3,PCAT1
Amplification,8q24.3,CCAT2
Amplification,8q24.3,PRNCR1
Amplification,8q24.3,CASC21
Amplification,8q24.3,CASC19
Amplification,8q24.3,PCAT2
Amplification,8q24.3,MAFA-AS1
Amplification,11q24.3,APLP2
Amplification,11q24.3,APOA1
Amplification,11q24.3,APOA4
Amplification,11q24.3,APOC3
Amplification,11q24.3,ARCN1
Amplification,11q24.3,FXYD2
Amplification,11q24.3,CXCR5
Amplification,11q24.3,CBL
Amplification,11q24.3,CD3D
Amplification,11q24.3,CD3E
Amplification,11q24.3,CD3G
Amplification,11q24.3,CHEK1
Amplification,11q24.3,DDX6
Amplification,11q24.3,DLAT
Amplification,11q24.3,DPAGT1
Amplification,11q24.3,DRD2
Amplification,11q24.3,ETS1
Amplification,11q24.3,FLI1
Amplification,11q24.3,SLC37A4
Amplification,11q24.3,GRIK4
Amplification,11q24.3,H2AFX
Amplification,11q24.3,HMBS
Amplification,11q24.3,HSPA8
Amplification,11q24.3,HTR3A
Amplification,11q24.3,IL10RA
Amplification,11q24.3,IL18
Amplification,11q24.3,STT3A
Amplification,11q24.3,KCNJ1
Amplification,11q24.3,KCNJ5
Amplification,11q24.3,VWA5A
Amplification,11q24.3,MCAM
Amplification,11q24.3,KMT2A
Amplification,11q24.3,NCAM1
Amplification,11q24.3,NFRKB
Amplification,11q24.3,NNMT
Amplification,11q24.3,NRGN
Amplification,11q24.3,OPCML
Amplification,11q24.3,PAFAH1B2
Amplification,11q24.3,PTS
Amplification,11q24.3,NECTIN1
Amplification,11q24.3,RPS25
Amplification,11q24.3,SC5D
Amplification,11q24.3,SCN2B
Amplification,11q24.3,SCN4B
Amplification,11q24.3,SDHD
Amplification,11q24.3,ST3GAL4
Amplification,11q24.3,SORL1
Amplification,11q24.3,SRPRA
Amplification,11q24.3,ST14
Amplification,11q24.3,TAGLN
Amplification,11q24.3,TECTA
Amplification,11q24.3,THY1
Amplification,11q24.3,UPK2
Amplification,11q24.3,ZBTB16
Amplification,11q24.3,ZNF202
Amplification,11q24.3,BARX2
Amplification,11q24.3,ZPR1
Amplification,11q24.3,USP2
Amplification,11q24.3,PCSK7
Amplification,11q24.3,HTR3B
Amplification,11q24.3,ZW10
Amplification,11q24.3,UBE4A
Amplification,11q24.3,EI24
Amplification,11q24.3,FEZ1
Amplification,11q24.3,ARHGAP32
Amplification,11q24.3,C2CD2L
Amplification,11q24.3,RBM7
Amplification,11q24.3,MPZL2
Amplification,11q24.3,HYOU1
Amplification,11q24.3,ATP5L
Amplification,11q24.3,ADAMTS8
Amplification,11q24.3,TREH
Amplification,11q24.3,CEP164
Amplification,11q24.3,IGSF9B
Amplification,11q24.3,PHLDB1
Amplification,11q24.3,NCAPD3
Amplification,11q24.3,ARHGEF12
Amplification,11q24.3,SIK3
Amplification,11q24.3,VSIG2
Amplification,11q24.3,BACE1
Amplification,11q24.3,TRIM29
Amplification,11q24.3,CADM1
Amplification,11q24.3,POU2F3
Amplification,11q24.3,HINFP
Amplification,11q24.3,REXO2
Amplification,11q24.3,OR8G2
Amplification,11q24.3,OR8B8
Amplification,11q24.3,OR8G1
Amplification,11q24.3,TIMM8B
Amplification,11q24.3,OR8B2
Amplification,11q24.3,ACAD8
Amplification,11q24.3,B3GAT1
Amplification,11q24.3,DCPS
Amplification,11q24.3,ZBTB44
Amplification,11q24.3,THYN1
Amplification,11q24.3,DDX25
Amplification,11q24.3,NTM
Amplification,11q24.3,CDON
Amplification,11q24.3,SIDT2
Amplification,11q24.3,TRAPPC4
Amplification,11q24.3,SPA17
Amplification,11q24.3,FXYD6
Amplification,11q24.3,SIAE
Amplification,11q24.3,C11orf71
Amplification,11q24.3,ROBO4
Amplification,11q24.3,NXPE4
Amplification,11q24.3,TTC12
Amplification,11q24.3,C11orf57
Amplification,11q24.3,FOXRED1
Amplification,11q24.3,SCN3B
Amplification,11q24.3,VPS11
Amplification,11q24.3,TEX12
Amplification,11q24.3,CRTAM
Amplification,11q24.3,TMPRSS4
Amplification,11q24.3,IFT46
Amplification,11q24.3,PRDM10
Amplification,11q24.3,DSCAML1
Amplification,11q24.3,GRAMD1B
Amplification,11q24.3,USP28
Amplification,11q24.3,PKNOX2
Amplification,11q24.3,TP53AIP1
Amplification,11q24.3,ABCG4
Amplification,11q24.3,ROBO3
Amplification,11q24.3,RNF26
Amplification,11q24.3,FAM118B
Amplification,11q24.3,NLRX1
Amplification,11q24.3,MSANTD2
Amplification,11q24.3,CLMP
Amplification,11q24.3,PDZD3
Amplification,11q24.3,C11orf63
Amplification,11q24.3,CCDC15
Amplification,11q24.3,TMPRSS5
Amplification,11q24.3,PUS3
Amplification,11q24.3,JAM3
Amplification,11q24.3,BCO2
Amplification,11q24.3,TMPRSS13
Amplification,11q24.3,KIRREL3
Amplification,11q24.3,BUD13
Amplification,11q24.3,TMEM25
Amplification,11q24.3,RPUSD4
Amplification,11q24.3,TBRG1
Amplification,11q24.3,UBASH3B
Amplification,11q24.3,DIXDC1
Amplification,11q24.3,GLB1L2
Amplification,11q24.3,ESAM
Amplification,11q24.3,VPS26B
Amplification,11q24.3,GLB1L3
Amplification,11q24.3,TIRAP
Amplification,11q24.3,C1QTNF5
Amplification,11q24.3,PANX3
Amplification,11q24.3,APOA5
Amplification,11q24.3,TMEM45B
Amplification,11q24.3,PIH1D2
Amplification,11q24.3,NXPE1
Amplification,11q24.3,NXPE2
Amplification,11q24.3,JAML
Amplification,11q24.3,TTC36
Amplification,11q24.3,PATE1
Amplification,11q24.3,ADAMTS15
Amplification,11q24.3,MPZL3
Amplification,11q24.3,C11orf45
Amplification,11q24.3,HYLS1
Amplification,11q24.3,TMEM218
Amplification,11q24.3,SLC37A2
Amplification,11q24.3,OR8B12
Amplification,11q24.3,OR8G5
Amplification,11q24.3,OR10G8
Amplification,11q24.3,OR10G9
Amplification,11q24.3,OR10S1
Amplification,11q24.3,OR6T1
Amplification,11q24.3,OR4D5
Amplification,11q24.3,TBCEL
Amplification,11q24.3,TMEM136
Amplification,11q24.3,SPATA19
Amplification,11q24.3,HEPACAM
Amplification,11q24.3,OAF
Amplification,11q24.3,ANKK1
Amplification,11q24.3,RNF214
Amplification,11q24.3,BCL9L
Amplification,11q24.3,FOXR1
Amplification,11q24.3,CCDC153
Amplification,11q24.3,OR8D1
Amplification,11q24.3,OR8D2
Amplification,11q24.3,OR8B4
Amplification,11q24.3,KIRREL3-AS3
Amplification,11q24.3,C11orf44
Amplification,11q24.3,CCDC84
Amplification,11q24.3,TMEM225
Amplification,11q24.3,OR8D4
Amplification,11q24.3,PLET1
Amplification,11q24.3,BSX
Amplification,11q24.3,OR6X1
Amplification,11q24.3,OR6M1
Amplification,11q24.3,OR10G4
Amplification,11q24.3,OR10G7
Amplification,11q24.3,OR8B3
Amplification,11q24.3,OR8A1
Amplification,11q24.3,PATE2
Amplification,11q24.3,PATE4
Amplification,11q24.3,ST3GAL4-AS1
Amplification,11q24.3,SNX19
Amplification,11q24.3,BLID
Amplification,11q24.3,HEPN1
Amplification,11q24.3,CLDN25
Amplification,11q24.3,RPL23AP64
Amplification,11q24.3,PATE3
Amplification,11q24.3,NCAM1-AS1
Amplification,11q24.3,BACE1-AS
Amplification,11q24.3,USP2-AS1
Amplification,11q24.3,SENCR
Amplification,11q24.3,TMPRSS4-AS1
Amplification,11q24.3,FXYD6-FXYD2
Amplification,11q24.3,KIRREL3-AS2
Amplification,11q24.3,NTM-IT
Amplification,11q24.3,NTM-AS1
Amplification,11q24.3,PKNOX2-AS1
Amplification,11q24.3,APOA1-AS
Amplification,11q24.3,STT3A-AS1
Amplification,1q32.1,ABL2
Amplification,1q32.1,ADORA1
Amplification,1q32.1,ALDH9A1
Amplification,1q32.1,APCS
Amplification,1q32.1,APOA2
Amplification,1q32.1,FASLG
Amplification,1q32.1,ASTN1
Amplification,1q32.1,SERPINC1
Amplification,1q32.1,ATP1A2
Amplification,1q32.1,ATP1A4
Amplification,1q32.1,ATP1B1
Amplification,1q32.1,ATP2B4
Amplification,1q32.1,AVPR1B
Amplification,1q32.1,BGLAP
Amplification,1q32.1,C4BPA
Amplification,1q32.1,C4BPB
Amplification,1q32.1,CACNA1E
Amplification,1q32.1,CACNA1S
Amplification,1q32.1,CASQ1
Amplification,1q32.1,CD1A
Amplification,1q32.1,CD1B
Amplification,1q32.1,CD1C
Amplification,1q32.1,CD1D
Amplification,1q32.1,CD1E
Amplification,1q32.1,CD247
Amplification,1q32.1,CD5L
Amplification,1q32.1,CD34
Amplification,1q32.1,CD48
Amplification,1q32.1,CHI3L1
Amplification,1q32.1,CHIT1
Amplification,1q32.1,COPA
Amplification,1q32.1,CR1
Amplification,1q32.1,CR1L
Amplification,1q32.1,CR2
Amplification,1q32.1,CRABP2
Amplification,1q32.1,CRP
Amplification,1q32.1,CSRP1
Amplification,1q32.1,CTSE
Amplification,1q32.1,CD55
Amplification,1q32.1,DHX9
Amplification,1q32.1,DPT
Amplification,1q32.1,EIF2D
Amplification,1q32.1,ELF3
Amplification,1q32.1,ELK4
Amplification,1q32.1,ETV3
Amplification,1q32.1,F5
Amplification,1q32.1,F13B
Amplification,1q32.1,FCER1A
Amplification,1q32.1,FCER1G
Amplification,1q32.1,FCGR2A
Amplification,1q32.1,FCGR2B
Amplification,1q32.1,FCGR3A
Amplification,1q32.1,FCGR3B
Amplification,1q32.1,FMO1
Amplification,1q32.1,FMO2
Amplification,1q32.1,FMO3
Amplification,1q32.1,FMO4
Amplification,1q32.1,FMOD
Amplification,1q32.1,NR5A2
Amplification,1q32.1,ACKR1
Amplification,1q32.1,GLUL
Amplification,1q32.1,GPR25
Amplification,1q32.1,HDGF
Amplification,1q32.1,CFH
Amplification,1q32.1,CFHR1
Amplification,1q32.1,CFHR2
Amplification,1q32.1,MR1
Amplification,1q32.1,HSD11B1
Amplification,1q32.1,HSPA6
Amplification,1q32.1,HSPA7
Amplification,1q32.1,IFI16
Amplification,1q32.1,IL10
Amplification,1q32.1,INSRR
Amplification,1q32.1,IRF6
Amplification,1q32.1,KCNH1
Amplification,1q32.1,KCNJ9
Amplification,1q32.1,KCNJ10
Amplification,1q32.1,KISS1
Amplification,1q32.1,LAD1
Amplification,1q32.1,LAMB3
Amplification,1q32.1,LAMC1
Amplification,1q32.1,LAMC2
Amplification,1q32.1,LMNA
Amplification,1q32.1,LMX1A
Amplification,1q32.1,LY9
Amplification,1q32.1,CD46
Amplification,1q32.1,MDM4
Amplification,1q32.1,MEF2D
Amplification,1q32.1,MGST3
Amplification,1q32.1,MNDA
Amplification,1q32.1,MPZ
Amplification,1q32.1,MYBPH
Amplification,1q32.1,MYOC
Amplification,1q32.1,MYOG
Amplification,1q32.1,PPP1R12B
Amplification,1q32.1,NCF2
Amplification,1q32.1,NDUFS2
Amplification,1q32.1,NHLH1
Amplification,1q32.1,NIT1
Amplification,1q32.1,NTRK1
Amplification,1q32.1,DDR2
Amplification,1q32.1,PBX1
Amplification,1q32.1,CDK18
Amplification,1q32.1,PDC
Amplification,1q32.1,PFDN2
Amplification,1q32.1,PFKFB2
Amplification,1q32.1,PIGC
Amplification,1q32.1,PIGR
Amplification,1q32.1,PIK3C2B
Amplification,1q32.1,PKP1
Amplification,1q32.1,PLA2G4A
Amplification,1q32.1,PLXNA2
Amplification,1q32.1,PRRX1
Amplification,1q32.1,POU2F1
Amplification,1q32.1,PPOX
Amplification,1q32.1,PRCC
Amplification,1q32.1,PRELP
Amplification,1q32.1,PTGS2
Amplification,1q32.1,QSOX1
Amplification,1q32.1,PTPN7
Amplification,1q32.1,PTPRC
Amplification,1q32.1,PEX19
Amplification,1q32.1,RABIF
Amplification,1q32.1,RBBP5
Amplification,1q32.1,REN
Amplification,1q32.1,RGS1
Amplification,1q32.1,RGS2
Amplification,1q32.1,RGS4
Amplification,1q32.1,RGS13
Amplification,1q32.1,RGS16
Amplification,1q32.1,RNASEL
Amplification,1q32.1,RNF2
Amplification,1q32.1,RNPEP
Amplification,1q32.1,RXRG
Amplification,1q32.1,XCL1
Amplification,1q32.1,SDHC
Amplification,1q32.1,SELE
Amplification,1q32.1,SELL
Amplification,1q32.1,SELP
Amplification,1q32.1,SLAMF1
Amplification,1q32.1,SNRPE
Amplification,1q32.1,SOAT1
Amplification,1q32.1,UAP1
Amplification,1q32.1,SPTA1
Amplification,1q32.1,TROVE2
Amplification,1q32.1,SSR2
Amplification,1q32.1,XCL2
Amplification,1q32.1,CNTN2
Amplification,1q32.1,TNNI1
Amplification,1q32.1,TNNT2
Amplification,1q32.1,TNR
Amplification,1q32.1,TOP1P1
Amplification,1q32.1,TPR
Amplification,1q32.1,CCT3
Amplification,1q32.1,TNFSF4
Amplification,1q32.1,UCK2
Amplification,1q32.1,USF1
Amplification,1q32.1,NPHS2
Amplification,1q32.1,BTG2
Amplification,1q32.1,TAGLN2
Amplification,1q32.1,DYRK3
Amplification,1q32.1,RGS5
Amplification,1q32.1,PPFIA4
Amplification,1q32.1,BLZF1
Amplification,1q32.1,VAMP4
Amplification,1q32.1,PEA15
Amplification,1q32.1,B4GALT3
Amplification,1q32.1,B3GALT2
Amplification,1q32.1,CREG1
Amplification,1q32.1,CD84
Amplification,1q32.1,RAB29
Amplification,1q32.1,TNFSF18
Amplification,1q32.1,MPZL1
Amplification,1q32.1,SH2D2A
Amplification,1q32.1,ANGPTL1
Amplification,1q32.1,TBX19
Amplification,1q32.1,FCGR2C
Amplification,1q32.1,DEDD
Amplification,1q32.1,XPR1
Amplification,1q32.1,FCMR
Amplification,1q32.1,MAPKAPK2
Amplification,1q32.1,GPR37L1
Amplification,1q32.1,GPR52
Amplification,1q32.1,AIM2
Amplification,1q32.1,RASAL2
Amplification,1q32.1,ADAMTS4
Amplification,1q32.1,SOX13
Amplification,1q32.1,PRDX6
Amplification,1q32.1,IKBKE
Amplification,1q32.1,SLC25A44
Amplification,1q32.1,KIAA0040
Amplification,1q32.1,NOS1AP
Amplification,1q32.1,ARHGEF11
Amplification,1q32.1,CEP350
Amplification,1q32.1,ZC3H11A
Amplification,1q32.1,SMG7
Amplification,1q32.1,RABGAP1L
Amplification,1q32.1,TMCC2
Amplification,1q32.1,FAM20B
Amplification,1q32.1,KIF14
Amplification,1q32.1,NR1I3
Amplification,1q32.1,ARPC5
Amplification,1q32.1,PRG4
Amplification,1q32.1,GPA33
Amplification,1q32.1,STX6
Amplification,1q32.1,TIMM17A
Amplification,1q32.1,LRRN2
Amplification,1q32.1,C1orf61
Amplification,1q32.1,SLC19A2
Amplification,1q32.1,IVNS1ABP
Amplification,1q32.1,NES
Amplification,1q32.1,KDM5B
Amplification,1q32.1,CFHR4
Amplification,1q32.1,CFHR3
Amplification,1q32.1,OCLM
Amplification,1q32.1,IL24
Amplification,1q32.1,PMF1
Amplification,1q32.1,DUSP12
Amplification,1q32.1,PLEKHA6
Amplification,1q32.1,KIFAP3
Amplification,1q32.1,ATF6
Amplification,1q32.1,KIF21B
Amplification,1q32.1,NMNAT2
Amplification,1q32.1,NFASC
Amplification,1q32.1,COLGALT2
Amplification,1q32.1,RGL1
Amplification,1q32.1,PRRC2C
Amplification,1q32.1,CAMSAP2
Amplification,1q32.1,SRGAP2
Amplification,1q32.1,SMG5
Amplification,1q32.1,NCSTN
Amplification,1q32.1,CRB1
Amplification,1q32.1,GPR161
Amplification,1q32.1,ZNF281
Amplification,1q32.1,PHLDA3
Amplification,1q32.1,DSTYK
Amplification,1q32.1,CFAP45
Amplification,1q32.1,LMOD1
Amplification,1q32.1,MPC2
Amplification,1q32.1,OLFML2B
Amplification,1q32.1,DNM3
Amplification,1q32.1,TOR1AIP1
Amplification,1q32.1,OPTC
Amplification,1q32.1,OR10J1
Amplification,1q32.1,USP21
Amplification,1q32.1,DIEXF
Amplification,1q32.1,CACYBP
Amplification,1q32.1,KLHL20
Amplification,1q32.1,LAMTOR2
Amplification,1q32.1,UBE2T
Amplification,1q32.1,NME7
Amplification,1q32.1,IL19
Amplification,1q32.1,G0S2
Amplification,1q32.1,IL20
Amplification,1q32.1,DCAF8
Amplification,1q32.1,F11R
Amplification,1q32.1,GLRX2
Amplification,1q32.1,RRNAD1
Amplification,1q32.1,ADIPOR1
Amplification,1q32.1,IER5
Amplification,1q32.1,UCHL5
Amplification,1q32.1,SUCO
Amplification,1q32.1,HSD17B7
Amplification,1q32.1,UFC1
Amplification,1q32.1,METTL13
Amplification,1q32.1,CYB5R1
Amplification,1q32.1,CD244
Amplification,1q32.1,TMCO1
Amplification,1q32.1,SWT1
Amplification,1q32.1,GPATCH4
Amplification,1q32.1,LAX1
Amplification,1q32.1,DUSP23
Amplification,1q32.1,C1orf27
Amplification,1q32.1,RALGPS2
Amplification,1q32.1,DARS2
Amplification,1q32.1,KLHDC8A
Amplification,1q32.1,ETNK2
Amplification,1q32.1,KIRREL
Amplification,1q32.1,YOD1
Amplification,1q32.1,ITLN1
Amplification,1q32.1,IPO9
Amplification,1q32.1,C1orf112
Amplification,1q32.1,HHAT
Amplification,1q32.1,C1orf106
Amplification,1q32.1,ADCY10
Amplification,1q32.1,DCAF6
Amplification,1q32.1,SERTAD4
Amplification,1q32.1,SLAMF8
Amplification,1q32.1,UBQLN4
Amplification,1q32.1,LHX9
Amplification,1q32.1,RAB25
Amplification,1q32.1,RHBG
Amplification,1q32.1,SCYL3
Amplification,1q32.1,CAMK1G
Amplification,1q32.1,VANGL2
Amplification,1q32.1,IGSF9
Amplification,1q32.1,POGK
Amplification,1q32.1,KIAA1614
Amplification,1q32.1,BRINP2
Amplification,1q32.1,CCDC181
Amplification,1q32.1,SLAMF7
Amplification,1q32.1,CADM3
Amplification,1q32.1,KLHL12
Amplification,1q32.1,LGR6
Amplification,1q32.1,HAPLN2
Amplification,1q32.1,GAS5
Amplification,1q32.1,PAPPA2
Amplification,1q32.1,BCAN
Amplification,1q32.1,TNN
Amplification,1q32.1,MRPS14
Amplification,1q32.1,SEMA4A
Amplification,1q32.1,TOR3A
Amplification,1q32.1,RFWD2
Amplification,1q32.1,RGS18
Amplification,1q32.1,NUCKS1
Amplification,1q32.1,C1orf116
Amplification,1q32.1,FCRL2
Amplification,1q32.1,CDC73
Amplification,1q32.1,MRPL24
Amplification,1q32.1,PAQR6
Amplification,1q32.1,MROH9
Amplification,1q32.1,EDEM3
Amplification,1q32.1,TRAF3IP3
Amplification,1q32.1,NPL
Amplification,1q32.1,OR6N2
Amplification,1q32.1,OR6K2
Amplification,1q32.1,CFHR5
Amplification,1q32.1,C1orf21
Amplification,1q32.1,NECTIN4
Amplification,1q32.1,SHCBP1L
Amplification,1q32.1,TRMT1L
Amplification,1q32.1,NUAK2
Amplification,1q32.1,ISG20L2
Amplification,1q32.1,FCRL5
Amplification,1q32.1,FCRL4
Amplification,1q32.1,DDX59
Amplification,1q32.1,NUF2
Amplification,1q32.1,RASSF5
Amplification,1q32.1,HMCN1
Amplification,1q32.1,FCAMR
Amplification,1q32.1,TEX35
Amplification,1q32.1,TOMM40L
Amplification,1q32.1,TMEM79
Amplification,1q32.1,ACBD6
Amplification,1q32.1,ZBTB37
Amplification,1q32.1,FCRLA
Amplification,1q32.1,ANKRD36BP1
Amplification,1q32.1,PPP1R15B
Amplification,1q32.1,MAEL
Amplification,1q32.1,RGS8
Amplification,1q32.1,SLC45A3
Amplification,1q32.1,NAV1
Amplification,1q32.1,SEC16B
Amplification,1q32.1,LHX4
Amplification,1q32.1,SLAMF9
Amplification,1q32.1,IGFN1
Amplification,1q32.1,CENPL
Amplification,1q32.1,DUSP27
Amplification,1q32.1,RCSD1
Amplification,1q32.1,MEX3A
Amplification,1q32.1,METTL18
Amplification,1q32.1,GORAB
Amplification,1q32.1,C1orf105
Amplification,1q32.1,TMEM183A
Amplification,1q32.1,PIGM
Amplification,1q32.1,IGSF8
Amplification,1q32.1,LEMD1
Amplification,1q32.1,GLMP
Amplification,1q32.1,SLAMF6
Amplification,1q32.1,SLC26A9
Amplification,1q32.1,FCRL1
Amplification,1q32.1,FCRL3
Amplification,1q32.1,FMO9P
Amplification,1q32.1,TSEN15
Amplification,1q32.1,FAM129A
Amplification,1q32.1,TADA1
Amplification,1q32.1,SH2D1B
Amplification,1q32.1,KLHDC9
Amplification,1q32.1,AXDND1
Amplification,1q32.1,ATP6V1G3
Amplification,1q32.1,OR10J5
Amplification,1q32.1,ZNF648
Amplification,1q32.1,TEDDM1
Amplification,1q32.1,ARL8A
Amplification,1q32.1,SYT2
Amplification,1q32.1,GOLT1A
Amplification,1q32.1,UHMK1
Amplification,1q32.1,FCRLB
Amplification,1q32.1,TSACC
Amplification,1q32.1,IQGAP3
Amplification,1q32.1,NAXE
Amplification,1q32.1,OR10T2
Amplification,1q32.1,OR6P1
Amplification,1q32.1,OR10X1
Amplification,1q32.1,OR10Z1
Amplification,1q32.1,OR6K6
Amplification,1q32.1,OR6N1
Amplification,1q32.1,NEK7
Amplification,1q32.1,ITLN2
Amplification,1q32.1,C1orf74
Amplification,1q32.1,PTPRVP
Amplification,1q32.1,FAM163A
Amplification,1q32.1,OVAAL
Amplification,1q32.1,MFSD4A
Amplification,1q32.1,PM20D1
Amplification,1q32.1,RC3H1
Amplification,1q32.1,METTL11B
Amplification,1q32.1,FAM78B
Amplification,1q32.1,SHISA4
Amplification,1q32.1,LRRC71
Amplification,1q32.1,PYHIN1
Amplification,1q32.1,DENND1B
Amplification,1q32.1,TDRD5
Amplification,1q32.1,TOR1AIP2
Amplification,1q32.1,TTC24
Amplification,1q32.1,FLJ23867
Amplification,1q32.1,TMEM9
Amplification,1q32.1,SLC41A1
Amplification,1q32.1,SYT14
Amplification,1q32.1,ARHGAP30
Amplification,1q32.1,CFAP126
Amplification,1q32.1,ASPM
Amplification,1q32.1,TIPRL
Amplification,1q32.1,SLC9C2
Amplification,1q32.1,LEMD1-AS1
Amplification,1q32.1,SMG7-AS1
Amplification,1q32.1,C1orf204
Amplification,1q32.1,C1orf111
Amplification,1q32.1,RAB7B
Amplification,1q32.1,ANKRD45
Amplification,1q32.1,BRINP3
Amplification,1q32.1,CCDC190
Amplification,1q32.1,OR10R2
Amplification,1q32.1,FCRL6
Amplification,1q32.1,KCNT2
Amplification,1q32.1,RGSL1
Amplification,1q32.1,ZBTB41
Amplification,1q32.1,CYCSP52
Amplification,1q32.1,PEAR1
Amplification,1q32.1,SFT2D2
Amplification,1q32.1,RPS10P7
Amplification,1q32.1,ILDR2
Amplification,1q32.1,FMO6P
Amplification,1q32.1,C1orf53
Amplification,1q32.1,TMEM81
Amplification,1q32.1,VHLL
Amplification,1q32.1,OR10K2
Amplification,1q32.1,OR10K1
Amplification,1q32.1,OR6Y1
Amplification,1q32.1,OR6K3
Amplification,1q32.1,VSIG8
Amplification,1q32.1,C1orf226
Amplification,1q32.1,C1orf220
Amplification,1q32.1,APOBEC4
Amplification,1q32.1,RGS21
Amplification,1q32.1,ETV3L
Amplification,1q32.1,LRRC52
Amplification,1q32.1,C1orf186
Amplification,1q32.1,OR10J3
Amplification,1q32.1,SUMO1P3
Amplification,1q32.1,SERTAD4-AS1
Amplification,1q32.1,RPL31P11
Amplification,1q32.1,MGAT4EP
Amplification,1q32.1,ASCL5
Amplification,1q32.1,PCP4L1
Amplification,1q32.1,FAM72A
Amplification,1q32.1,C1orf132
Amplification,1q32.1,TSTD1
Amplification,1q32.1,CADM3-AS1
Amplification,1q32.1,GM140
Amplification,1q32.1,GS1-279B7.1
Amplification,1q32.1,RASAL2-AS1
Amplification,1q32.1,ZBED6
Amplification,1q32.1,GAS5-AS1
Amplification,1q32.1,PCAT6
Amplification,1q32.1,PMF1-BGLAP
Amplification,1q32.1,LHX4-AS1
Amplification,1q32.1,DNM3OS
Amplification,1q32.1,IPO9-AS1
Amplification,1q32.1,DNM3-IT1
Amplification,1q32.1,BLACAT1
Amplification,1q32.1,PACERR
Amplification,1q32.1,POP3
Deletion,4q35.1,SLC25A4
Deletion,4q35.1,CASP3
Deletion,4q35.1,DCTD
Deletion,4q35.1,F11
Deletion,4q35.1,ACSL1
Deletion,4q35.1,FAT1
Deletion,4q35.1,FRG1
Deletion,4q35.1,GPM6A
Deletion,4q35.1,ING2
Deletion,4q35.1,IRF2
Deletion,4q35.1,KLKB1
Deletion,4q35.1,MTNR1A
Deletion,4q35.1,TLR3
Deletion,4q35.1,VEGFC
Deletion,4q35.1,SORBS2
Deletion,4q35.1,FAM149A
Deletion,4q35.1,PDLIM3
Deletion,4q35.1,CLDN22
Deletion,4q35.1,NEIL3
Deletion,4q35.1,UFSP2
Deletion,4q35.1,CDKN2AIP
Deletion,4q35.1,TENM3
Deletion,4q35.1,LRP2BP
Deletion,4q35.1,STOX2
Deletion,4q35.1,CFAP97
Deletion,4q35.1,SPCS3
Deletion,4q35.1,TRAPPC11
Deletion,4q35.1,CENPU
Deletion,4q35.1,WWC2
Deletion,4q35.1,SNX25
Deletion,4q35.1,WDR17
Deletion,4q35.1,ZFP42
Deletion,4q35.1,SPATA4
Deletion,4q35.1,ENPP6
Deletion,4q35.1,ASB5
Deletion,4q35.1,WWC2-AS2
Deletion,4q35.1,RWDD4
Deletion,4q35.1,PRIMPOL
Deletion,4q35.1,TRIML2
Deletion,4q35.1,CCDC110
Deletion,4q35.1,CYP4V2
Deletion,4q35.1,F11-AS1
Deletion,4q35.1,TRIML1
Deletion,4q35.1,ANKRD37
Deletion,4q35.1,HELT
Deletion,4q35.1,FAM92A1P2
Deletion,4q35.1,C4orf47
Deletion,4q35.1,FRG2
Deletion,4q35.1,SLED1
Deletion,4q35.1,FLJ38576
Deletion,4q35.1,CLDN24
Deletion,4q35.1,DUX4
Deletion,4q35.1,DBET
Deletion,4q35.1,WWC2-AS1
Deletion,4q35.1,LVCAT8
Deletion,1q21.3,ABCA4
Deletion,1q21.3,ABL2
Deletion,1q21.3,ACADM
Deletion,1q21.3,ACTA1
Deletion,1q21.3,ACTN2
Deletion,1q21.3,ADAR
Deletion,1q21.3,ADORA1
Deletion,1q21.3,ADORA3
Deletion,1q21.3,PARP1
Deletion,1q21.3,ADSS
Deletion,1q21.3,AGL
Deletion,1q21.3,AGT
Deletion,1q21.3,AK2
Deletion,1q21.3,AK4
Deletion,1q21.3,ALDH9A1
Deletion,1q21.3,ALPL
Deletion,1q21.3,ALX3
Deletion,1q21.3,AMPD1
Deletion,1q21.3,AMPD2
Deletion,1q21.3,AMY1A
Deletion,1q21.3,AMY1B
Deletion,1q21.3,AMY1C
Deletion,1q21.3,AMY2A
Deletion,1q21.3,AMY2B
Deletion,1q21.3,APCS
Deletion,1q21.3,APOA2
Deletion,1q21.3,FASLG
Deletion,1q21.3,ARF1
Deletion,1q21.3,RHOC
Deletion,1q21.3,ARNT
Deletion,1q21.3,ASTN1
Deletion,1q21.3,SERPINC1
Deletion,1q21.3,ATF3
Deletion,1q21.3,ATP1A1
Deletion,1q21.3,ATP1A2
Deletion,1q21.3,ATP1A4
Deletion,1q21.3,ATP1B1
Deletion,1q21.3,ATP2B4
Deletion,1q21.3,ATP5F1
Deletion,1q21.3,ATP6V0B
Deletion,1q21.3,AVPR1B
Deletion,1q21.3,ADGRB2
Deletion,1q21.3,BCL9
Deletion,1q21.3,BGLAP
Deletion,1q21.3,BMP8B
Deletion,1q21.3,BRDT
Deletion,1q21.3,C1QA
Deletion,1q21.3,C1QB
Deletion,1q21.3,C1QC
Deletion,1q21.3,C4BPA
Deletion,1q21.3,C4BPB
Deletion,1q21.3,C8A
Deletion,1q21.3,C8B
Deletion,1q21.3,CACNA1E
Deletion,1q21.3,CACNA1S
Deletion,1q21.3,CAPN2
Deletion,1q21.3,CAPZA1
Deletion,1q21.3,CAPZB
Deletion,1q21.3,CASQ1
Deletion,1q21.3,CASQ2
Deletion,1q21.3,RUNX3
Deletion,1q21.3,CD1A
Deletion,1q21.3,CD1B
Deletion,1q21.3,CD1C
Deletion,1q21.3,CD1D
Deletion,1q21.3,CD1E
Deletion,1q21.3,CD2
Deletion,1q21.3,CD247
Deletion,1q21.3,CD5L
Deletion,1q21.3,CD34
Deletion,1q21.3,CD48
Deletion,1q21.3,CD53
Deletion,1q21.3,CD58
Deletion,1q21.3,CDA
Deletion,1q21.3,CDC20
Deletion,1q21.3,CDC42
Deletion,1q21.3,CDKN2C
Deletion,1q21.3,CD52
Deletion,1q21.3,CENPF
Deletion,1q21.3,RCC1
Deletion,1q21.3,CHI3L1
Deletion,1q21.3,CHI3L2
Deletion,1q21.3,CHIT1
Deletion,1q21.3,CHML
Deletion,1q21.3,LYST
Deletion,1q21.3,CHRM3
Deletion,1q21.3,CHRNB2
Deletion,1q21.3,CKS1B
Deletion,1q21.3,CLCA1
Deletion,1q21.3,CLK2
Deletion,1q21.3,PLK3
Deletion,1q21.3,CNN3
Deletion,1q21.3,CNR2
Deletion,1q21.3,COL8A2
Deletion,1q21.3,COL9A2
Deletion,1q21.3,COL11A1
Deletion,1q21.3,COL16A1
Deletion,1q21.3,COPA
Deletion,1q21.3,CPT2
Deletion,1q21.3,CR1
Deletion,1q21.3,CR1L
Deletion,1q21.3,CR2
Deletion,1q21.3,CRABP2
Deletion,1q21.3,CRP
Deletion,1q21.3,CRYZ
Deletion,1q21.3,CSF1
Deletion,1q21.3,CSF3R
Deletion,1q21.3,CSRP1
Deletion,1q21.3,CTBS
Deletion,1q21.3,CTH
Deletion,1q21.3,CTPS1
Deletion,1q21.3,CTSE
Deletion,1q21.3,CTSK
Deletion,1q21.3,CTSS
Deletion,1q21.3,CYP2J2
Deletion,1q21.3,CYP4A11
Deletion,1q21.3,CYP4B1
Deletion,1q21.3,DAB1
Deletion,1q21.3,CD55
Deletion,1q21.3,DBT
Deletion,1q21.3,GADD45A
Deletion,1q21.3,DDOST
Deletion,1q21.3,DHX9
Deletion,1q21.3,DHCR24
Deletion,1q21.3,DIO1
Deletion,1q21.3,DLSTP1
Deletion,1q21.3,DPH2
Deletion,1q21.3,DPT
Deletion,1q21.3,DPYD
Deletion,1q21.3,DR1
Deletion,1q21.3,DRD5P2
Deletion,1q21.3,E2F2
Deletion,1q21.3,ECE1
Deletion,1q21.3,ECM1
Deletion,1q21.3,S1PR1
Deletion,1q21.3,EDN2
Deletion,1q21.3,PHC2
Deletion,1q21.3,EIF2D
Deletion,1q21.3,EFNA1
Deletion,1q21.3,EFNA3
Deletion,1q21.3,EFNA4
Deletion,1q21.3,CELSR2
Deletion,1q21.3,ELAVL4
Deletion,1q21.3,ELF3
Deletion,1q21.3,ELK4
Deletion,1q21.3,ENSA
Deletion,1q21.3,EPB41
Deletion,1q21.3,EPHA8
Deletion,1q21.3,EPHB2
Deletion,1q21.3,EPHX1
Deletion,1q21.3,EPRS
Deletion,1q21.3,EPS15
Deletion,1q21.3,ESRRG
Deletion,1q21.3,ETV3
Deletion,1q21.3,EXTL1
Deletion,1q21.3,EXTL2
Deletion,1q21.3,EYA3
Deletion,1q21.3,F3
Deletion,1q21.3,F5
Deletion,1q21.3,F13B
Deletion,1q21.3,FAAH
Deletion,1q21.3,FABP3
Deletion,1q21.3,FCER1A
Deletion,1q21.3,FCER1G
Deletion,1q21.3,FCGR1A
Deletion,1q21.3,FCGR1B
Deletion,1q21.3,FCGR2A
Deletion,1q21.3,FCGR2B
Deletion,1q21.3,FCGR3A
Deletion,1q21.3,FCGR3B
Deletion,1q21.3,FDPS
Deletion,1q21.3,FGR
Deletion,1q21.3,FH
Deletion,1q21.3,FHL3
Deletion,1q21.3,FOXE3
Deletion,1q21.3,FOXD2
Deletion,1q21.3,FLG
Deletion,1q21.3,FMO1
Deletion,1q21.3,FMO2
Deletion,1q21.3,FMO3
Deletion,1q21.3,FMO4
Deletion,1q21.3,FMO5
Deletion,1q21.3,FMOD
Deletion,1q21.3,NR5A2
Deletion,1q21.3,FUCA1
Deletion,1q21.3,ACKR1
Deletion,1q21.3,IFI6
Deletion,1q21.3,GALE
Deletion,1q21.3,GALNT2
Deletion,1q21.3,GBA
Deletion,1q21.3,GBAP1
Deletion,1q21.3,GBP1
Deletion,1q21.3,GBP2
Deletion,1q21.3,GBP3
Deletion,1q21.3,GFI1
Deletion,1q21.3,GJA4
Deletion,1q21.3,GJA5
Deletion,1q21.3,GJA8
Deletion,1q21.3,GJB3
Deletion,1q21.3,GJB5
Deletion,1q21.3,GCLM
Deletion,1q21.3,GLUL
Deletion,1q21.3,GNAI3
Deletion,1q21.3,GNAT2
Deletion,1q21.3,GNG4
Deletion,1q21.3,GNG5
Deletion,1q21.3,SFN
Deletion,1q21.3,GPR3
Deletion,1q21.3,GPR25
Deletion,1q21.3,GPX7
Deletion,1q21.3,GRIK3
Deletion,1q21.3,GSTM1
Deletion,1q21.3,GSTM2
Deletion,1q21.3,GSTM3
Deletion,1q21.3,GSTM4
Deletion,1q21.3,GSTM5
Deletion,1q21.3,GTF2B
Deletion,1q21.3,GUCA2A
Deletion,1q21.3,GUCA2B
Deletion,1q21.3,GUK1
Deletion,1q21.3,H3F3A
Deletion,1q21.3,HCRTR1
Deletion,1q21.3,HDAC1
Deletion,1q21.3,HDGF
Deletion,1q21.3,CFH
Deletion,1q21.3,CFHR1
Deletion,1q21.3,CFHR2
Deletion,1q21.3,MR1
Deletion,1q21.3,HLX
Deletion,1q21.3,HMGN2
Deletion,1q21.3,HMGCL
Deletion,1q21.3,HMGCS2
Deletion,1q21.3,HNRNPU
Deletion,1q21.3,HPCA
Deletion,1q21.3,HSD3B1
Deletion,1q21.3,HSD3B2
Deletion,1q21.3,HSD11B1
Deletion,1q21.3,HSPA6
Deletion,1q21.3,HSPA7
Deletion,1q21.3,IGSF3
Deletion,1q21.3,HSPG2
Deletion,1q21.3,HTR1D
Deletion,1q21.3,HTR6
Deletion,1q21.3,ID3
Deletion,1q21.3,IFI16
Deletion,1q21.3,CYR61
Deletion,1q21.3,IL6R
Deletion,1q21.3,IL10
Deletion,1q21.3,IL12RB2
Deletion,1q21.3,ILF2
Deletion,1q21.3,INPP5B
Deletion,1q21.3,INSRR
Deletion,1q21.3,IPP
Deletion,1q21.3,IRF6
Deletion,1q21.3,ITPKB
Deletion,1q21.3,IVL
Deletion,1q21.3,JAK1
Deletion,1q21.3,JUN
Deletion,1q21.3,KCNA2
Deletion,1q21.3,KCNA3
Deletion,1q21.3,KCNA10
Deletion,1q21.3,KCNC4
Deletion,1q21.3,KCND3
Deletion,1q21.3,KCNH1
Deletion,1q21.3,KCNJ9
Deletion,1q21.3,KCNJ10
Deletion,1q21.3,KCNK1
Deletion,1q21.3,KCNK2
Deletion,1q21.3,KCNN3
Deletion,1q21.3,KISS1
Deletion,1q21.3,LAD1
Deletion,1q21.3,LAMB3
Deletion,1q21.3,LAMC1
Deletion,1q21.3,LAMC2
Deletion,1q21.3,STMN1
Deletion,1q21.3,LBR
Deletion,1q21.3,LCK
Deletion,1q21.3,LEPR
Deletion,1q21.3,LGALS8
Deletion,1q21.3,LMNA
Deletion,1q21.3,LMX1A
Deletion,1q21.3,LOR
Deletion,1q21.3,LY9
Deletion,1q21.3,TACSTD2
Deletion,1q21.3,MAGOH
Deletion,1q21.3,MARK1
Deletion,1q21.3,MATN1
Deletion,1q21.3,MCL1
Deletion,1q21.3,CD46
Deletion,1q21.3,SMCP
Deletion,1q21.3,MDM4
Deletion,1q21.3,MEF2D
Deletion,1q21.3,MGST3
Deletion,1q21.3,MNDA
Deletion,1q21.3,MOV10
Deletion,1q21.3,MPL
Deletion,1q21.3,MPZ
Deletion,1q21.3,MSH4
Deletion,1q21.3,MTF1
Deletion,1q21.3,MTR
Deletion,1q21.3,MTX1
Deletion,1q21.3,MUC1
Deletion,1q21.3,MUTYH
Deletion,1q21.3,MYBPH
Deletion,1q21.3,MYCL
Deletion,1q21.3,MYOC
Deletion,1q21.3,MYOG
Deletion,1q21.3,PPP1R12B
Deletion,1q21.3,NASP
Deletion,1q21.3,NBL1
Deletion,1q21.3,NCF2
Deletion,1q21.3,NDUFS2
Deletion,1q21.3,NDUFS5
Deletion,1q21.3,NEK2
Deletion,1q21.3,NFIA
Deletion,1q21.3,NFYC
Deletion,1q21.3,NGF
Deletion,1q21.3,NHLH1
Deletion,1q21.3,NHLH2
Deletion,1q21.3,NID1
Deletion,1q21.3,NIT1
Deletion,1q21.3,NOTCH2
Deletion,1q21.3,NPR1
Deletion,1q21.3,NRAS
Deletion,1q21.3,NRDC
Deletion,1q21.3,YBX1
Deletion,1q21.3,NTRK1
Deletion,1q21.3,ROR1
Deletion,1q21.3,DDR2
Deletion,1q21.3,NVL
Deletion,1q21.3,OPRD1
Deletion,1q21.3,ORC1
Deletion,1q21.3,OVGP1
Deletion,1q21.3,PAFAH2
Deletion,1q21.3,PRDX1
Deletion,1q21.3,PBX1
Deletion,1q21.3,CDK18
Deletion,1q21.3,PDC
Deletion,1q21.3,PDE4B
Deletion,1q21.3,PDZK1
Deletion,1q21.3,PFDN2
Deletion,1q21.3,PFKFB2
Deletion,1q21.3,PGM1
Deletion,1q21.3,PIGC
Deletion,1q21.3,PIGR
Deletion,1q21.3,PIK3C2B
Deletion,1q21.3,PI4KB
Deletion,1q21.3,PIN1P1
Deletion,1q21.3,PKLR
Deletion,1q21.3,PKP1
Deletion,1q21.3,PLA2G2A
Deletion,1q21.3,PLA2G4A
Deletion,1q21.3,PLA2G5
Deletion,1q21.3,PLXNA2
Deletion,1q21.3,PRRX1
Deletion,1q21.3,POU2F1
Deletion,1q21.3,POU3F1
Deletion,1q21.3,PPOX
Deletion,1q21.3,PPP1R8
Deletion,1q21.3,PPP2R5A
Deletion,1q21.3,PPT1
Deletion,1q21.3,PRCC
Deletion,1q21.3,PRELP
Deletion,1q21.3,PRKAA2
Deletion,1q21.3,PRKAB2
Deletion,1q21.3,PRKACB
Deletion,1q21.3,PKN2
Deletion,1q21.3,PROX1
Deletion,1q21.3,PSEN2
Deletion,1q21.3,PSMA5
Deletion,1q21.3,PSMB2
Deletion,1q21.3,PSMB4
Deletion,1q21.3,PSMD4
Deletion,1q21.3,PTAFR
Deletion,1q21.3,PTGER3
Deletion,1q21.3,PTGFR
Deletion,1q21.3,PTGFRN
Deletion,1q21.3,PTGS2
Deletion,1q21.3,QSOX1
Deletion,1q21.3,PTPN7
Deletion,1q21.3,PTPN14
Deletion,1q21.3,PTPRC
Deletion,1q21.3,PTPRF
Deletion,1q21.3,PEX19
Deletion,1q21.3,ABCD3
Deletion,1q21.3,RAB3B
Deletion,1q21.3,RAB4A
Deletion,1q21.3,RAB13
Deletion,1q21.3,RABGGTB
Deletion,1q21.3,RABIF
Deletion,1q21.3,RAP1A
Deletion,1q21.3,RAP1GAP
Deletion,1q21.3,RBBP4
Deletion,1q21.3,RBBP5
Deletion,1q21.3,REN
Deletion,1q21.3,RFX5
Deletion,1q21.3,RGS1
Deletion,1q21.3,RGS2
Deletion,1q21.3,RGS4
Deletion,1q21.3,RGS7
Deletion,1q21.3,RGS13
Deletion,1q21.3,RGS16
Deletion,1q21.3,RHCE
Deletion,1q21.3,RHD
Deletion,1q21.3,RIT1
Deletion,1q21.3,RLF
Deletion,1q21.3,RNASEL
Deletion,1q21.3,RNF2
Deletion,1q21.3,RNPEP
Deletion,1q21.3,RORC
Deletion,1q21.3,RPA2
Deletion,1q21.3,RPE65
Deletion,1q21.3,RPL5
Deletion,1q21.3,RPL11
Deletion,1q21.3,RPS6KA1
Deletion,1q21.3,RPS8
Deletion,1q21.3,RPS27
Deletion,1q21.3,RXRG
Deletion,1q21.3,RYR2
Deletion,1q21.3,S100A1
Deletion,1q21.3,SORT1
Deletion,1q21.3,S100A2
Deletion,1q21.3,S100A3
Deletion,1q21.3,S100A4
Deletion,1q21.3,S100A5
Deletion,1q21.3,S100A6
Deletion,1q21.3,S100A7
Deletion,1q21.3,S100A8
Deletion,1q21.3,S100A9
Deletion,1q21.3,S100A10
Deletion,1q21.3,S100A11
Deletion,1q21.3,S100A12
Deletion,1q21.3,S100A13
Deletion,1q21.3,SARS
Deletion,1q21.3,SCP2
Deletion,1q21.3,XCL1
Deletion,1q21.3,SDHC
Deletion,1q21.3,SELE
Deletion,1q21.3,SELL
Deletion,1q21.3,SELP
Deletion,1q21.3,SFPQ
Deletion,1q21.3,SRSF4
Deletion,1q21.3,SHC1
Deletion,1q21.3,ST3GAL3
Deletion,1q21.3,STIL
Deletion,1q21.3,SLAMF1
Deletion,1q21.3,SLC1A7
Deletion,1q21.3,SLC2A1
Deletion,1q21.3,SLC6A9
Deletion,1q21.3,SLC9A1
Deletion,1q21.3,SLC16A1
Deletion,1q21.3,SNRPE
Deletion,1q21.3,SOAT1
Deletion,1q21.3,UAP1
Deletion,1q21.3,SPRR1A
Deletion,1q21.3,SPRR1B
Deletion,1q21.3,SPRR2A
Deletion,1q21.3,SPRR2B
Deletion,1q21.3,SPRR2C
Deletion,1q21.3,SPRR2D
Deletion,1q21.3,SPRR2E
Deletion,1q21.3,SPRR2F
Deletion,1q21.3,SPRR2G
Deletion,1q21.3,SPRR3
Deletion,1q21.3,SPTA1
Deletion,1q21.3,SRP9
Deletion,1q21.3,TROVE2
Deletion,1q21.3,SSR2
Deletion,1q21.3,AURKAPS1
Deletion,1q21.3,STXBP3
Deletion,1q21.3,XCL2
Deletion,1q21.3,SYCP1
Deletion,1q21.3,TAF12
Deletion,1q21.3,TAF13
Deletion,1q21.3,TAL1
Deletion,1q21.3,TARBP1
Deletion,1q21.3,CNTN2
Deletion,1q21.3,TBCE
Deletion,1q21.3,TBX15
Deletion,1q21.3,TCEA3
Deletion,1q21.3,TCEB3
Deletion,1q21.3,VPS72
Deletion,1q21.3,TGFB2
Deletion,1q21.3,LEFTY2
Deletion,1q21.3,TGFBR3
Deletion,1q21.3,THBS3
Deletion,1q21.3,TCHH
Deletion,1q21.3,TIE1
Deletion,1q21.3,TLR5
Deletion,1q21.3,GPR137B
Deletion,1q21.3,TNNI1
Deletion,1q21.3,TNNT2
Deletion,1q21.3,TNR
Deletion,1q21.3,TOP1P1
Deletion,1q21.3,TP53BP2
Deletion,1q21.3,TPM3
Deletion,1q21.3,TPR
Deletion,1q21.3,TRAF5
Deletion,1q21.3,CCT3
Deletion,1q21.3,TSHB
Deletion,1q21.3,TSNAX
Deletion,1q21.3,TTC4
Deletion,1q21.3,TUFT1
Deletion,1q21.3,TNFSF4
Deletion,1q21.3,UCK2
Deletion,1q21.3,UQCRH
Deletion,1q21.3,UROD
Deletion,1q21.3,USF1
Deletion,1q21.3,USP1
Deletion,1q21.3,USH2A
Deletion,1q21.3,VCAM1
Deletion,1q21.3,WNT2B
Deletion,1q21.3,WNT9A
Deletion,1q21.3,ZSCAN20
Deletion,1q21.3,ZNF124
Deletion,1q21.3,SLC30A1
Deletion,1q21.3,SLC30A2
Deletion,1q21.3,LUZP1
Deletion,1q21.3,DNALI1
Deletion,1q21.3,LRP8
Deletion,1q21.3,LAPTM5
Deletion,1q21.3,BSND
Deletion,1q21.3,CSDE1
Deletion,1q21.3,EVI5
Deletion,1q21.3,DAP3
Deletion,1q21.3,NPHS2
Deletion,1q21.3,BTG2
Deletion,1q21.3,PTP4A2
Deletion,1q21.3,ARID1A
Deletion,1q21.3,HIST3H3
Deletion,1q21.3,CDC7
Deletion,1q21.3,HIST2H2AA3
Deletion,1q21.3,HIST2H2AC
Deletion,1q21.3,HIST2H2BE
Deletion,1q21.3,HIST2H4A
Deletion,1q21.3,PIP5K1A
Deletion,1q21.3,TAGLN2
Deletion,1q21.3,BCAR3
Deletion,1q21.3,ANXA9
Deletion,1q21.3,SNHG3
Deletion,1q21.3,NR0B2
Deletion,1q21.3,RAD54L
Deletion,1q21.3,GNPAT
Deletion,1q21.3,DYRK3
Deletion,1q21.3,TTF2
Deletion,1q21.3,CDC42BPA
Deletion,1q21.3,RGS5
Deletion,1q21.3,PPFIA4
Deletion,1q21.3,PIK3R3
Deletion,1q21.3,ITGA10
Deletion,1q21.3,LMO4
Deletion,1q21.3,FCN3
Deletion,1q21.3,BLZF1
Deletion,1q21.3,CDC14A
Deletion,1q21.3,DEGS1
Deletion,1q21.3,KMO
Deletion,1q21.3,YARS
Deletion,1q21.3,MKNK1
Deletion,1q21.3,AKR7A2
Deletion,1q21.3,PLPP3
Deletion,1q21.3,RTCA
Deletion,1q21.3,PTCH2
Deletion,1q21.3,EIF3I
Deletion,1q21.3,EIF4G3
Deletion,1q21.3,VAMP4
Deletion,1q21.3,PEA15
Deletion,1q21.3,B4GALT3
Deletion,1q21.3,B4GALT2
Deletion,1q21.3,B3GALT2
Deletion,1q21.3,ADAM15
Deletion,1q21.3,PABPC4
Deletion,1q21.3,FPGT
Deletion,1q21.3,PEX11B
Deletion,1q21.3,CREG1
Deletion,1q21.3,CD84
Deletion,1q21.3,FUBP1
Deletion,1q21.3,EIF2B3
Deletion,1q21.3,BCL10
Deletion,1q21.3,RAB29
Deletion,1q21.3,SELENBP1
Deletion,1q21.3,TNFSF18
Deletion,1q21.3,TAF1A
Deletion,1q21.3,MPZL1
Deletion,1q21.3,SH2D2A
Deletion,1q21.3,ARTN
Deletion,1q21.3,MAP3K6
Deletion,1q21.3,ANGPTL1
Deletion,1q21.3,DIRAS3
Deletion,1q21.3,TBX19
Deletion,1q21.3,FCGR2C
Deletion,1q21.3,SLC16A4
Deletion,1q21.3,PRPF3
Deletion,1q21.3,KCNQ4
Deletion,1q21.3,EXO1
Deletion,1q21.3,ARHGEF2
Deletion,1q21.3,DEDD
Deletion,1q21.3,ZMYM4
Deletion,1q21.3,ZMYM6
Deletion,1q21.3,XPR1
Deletion,1q21.3,FCMR
Deletion,1q21.3,MAPKAPK2
Deletion,1q21.3,GPR37L1
Deletion,1q21.3,GPR52
Deletion,1q21.3,SRSF11
Deletion,1q21.3,ZFYVE9
Deletion,1q21.3,CD101
Deletion,1q21.3,SEP15
Deletion,1q21.3,ZRANB2
Deletion,1q21.3,SNRNP40
Deletion,1q21.3,ARHGAP29
Deletion,1q21.3,AIM2
Deletion,1q21.3,GGPS1
Deletion,1q21.3,RASAL2
Deletion,1q21.3,THEMIS2
Deletion,1q21.3,ADAMTS4
Deletion,1q21.3,TMEM59
Deletion,1q21.3,SEC22B
Deletion,1q21.3,CHD1L
Deletion,1q21.3,SOX13
Deletion,1q21.3,PRDX6
Deletion,1q21.3,CLCA3P
Deletion,1q21.3,CLCA2
Deletion,1q21.3,IKBKE
Deletion,1q21.3,HS2ST1
Deletion,1q21.3,PDE4DIP
Deletion,1q21.3,IPO13
Deletion,1q21.3,SDC3
Deletion,1q21.3,SLC25A44
Deletion,1q21.3,KIAA0040
Deletion,1q21.3,KDM4A
Deletion,1q21.3,PUM1
Deletion,1q21.3,NOS1AP
Deletion,1q21.3,TMEM63A
Deletion,1q21.3,RIMS3
Deletion,1q21.3,TOMM20
Deletion,1q21.3,EFCAB14
Deletion,1q21.3,URB2
Deletion,1q21.3,ARHGEF11
Deletion,1q21.3,DNAJC6
Deletion,1q21.3,CEP350
Deletion,1q21.3,CEP170
Deletion,1q21.3,LRIG2
Deletion,1q21.3,SETDB1
Deletion,1q21.3,ZC3H11A
Deletion,1q21.3,SMG7
Deletion,1q21.3,PLPPR4
Deletion,1q21.3,UBAP2L
Deletion,1q21.3,SV2A
Deletion,1q21.3,DENND4B
Deletion,1q21.3,RABGAP1L
Deletion,1q21.3,TMCC2
Deletion,1q21.3,FAM20B
Deletion,1q21.3,ZBTB40
Deletion,1q21.3,LPGAT1
Deletion,1q21.3,KIF14
Deletion,1q21.3,RBM8A
Deletion,1q21.3,THRAP3
Deletion,1q21.3,NR1I3
Deletion,1q21.3,AKT3
Deletion,1q21.3,INSL5
Deletion,1q21.3,PIGK
Deletion,1q21.3,SCAMP3
Deletion,1q21.3,PTPRU
Deletion,1q21.3,ARPC5
Deletion,1q21.3,TSPAN2
Deletion,1q21.3,TSPAN1
Deletion,1q21.3,CELA3A
Deletion,1q21.3,PDZK1IP1
Deletion,1q21.3,WASF2
Deletion,1q21.3,PATJ
Deletion,1q21.3,PRG4
Deletion,1q21.3,GPA33
Deletion,1q21.3,STX6
Deletion,1q21.3,HNRNPR
Deletion,1q21.3,SRRM1
Deletion,1q21.3,CNKSR1
Deletion,1q21.3,SF3B4
Deletion,1q21.3,ZMPSTE24
Deletion,1q21.3,BCAS2
Deletion,1q21.3,AKR1A1
Deletion,1q21.3,WARS2
Deletion,1q21.3,BPNT1
Deletion,1q21.3,CEPT1
Deletion,1q21.3,PIAS3
Deletion,1q21.3,TESK2
Deletion,1q21.3,TIMM17A
Deletion,1q21.3,LRRN2
Deletion,1q21.3,PPIE
Deletion,1q21.3,VAV3
Deletion,1q21.3,HAX1
Deletion,1q21.3,PPIH
Deletion,1q21.3,ZBTB18
Deletion,1q21.3,C1orf61
Deletion,1q21.3,CAP1
Deletion,1q21.3,LRRC41
Deletion,1q21.3,SEMA6C
Deletion,1q21.3,LAMTOR5
Deletion,1q21.3,SLC19A2
Deletion,1q21.3,IFI44
Deletion,1q21.3,POLR3C
Deletion,1q21.3,IVNS1ABP
Deletion,1q21.3,TXNIP
Deletion,1q21.3,LEFTY1
Deletion,1q21.3,SPHAR
Deletion,1q21.3,PMVK
Deletion,1q21.3,KHDRBS1
Deletion,1q21.3,GMEB1
Deletion,1q21.3,FAM189B
Deletion,1q21.3,AP4B1
Deletion,1q21.3,NUDC
Deletion,1q21.3,PHTF1
Deletion,1q21.3,CAPN9
Deletion,1q21.3,NES
Deletion,1q21.3,KDM5B
Deletion,1q21.3,AHCYL1
Deletion,1q21.3,SRSF10
Deletion,1q21.3,SDCCAG8
Deletion,1q21.3,CFHR4
Deletion,1q21.3,CFHR3
Deletion,1q21.3,WDR3
Deletion,1q21.3,OCLM
Deletion,1q21.3,JTB
Deletion,1q21.3,MTMR11
Deletion,1q21.3,MAN1A2
Deletion,1q21.3,SF3A3
Deletion,1q21.3,MLLT11
Deletion,1q21.3,IFI44L
Deletion,1q21.3,EBNA1BP2
Deletion,1q21.3,SLC27A3
Deletion,1q21.3,KIF2C
Deletion,1q21.3,IL24
Deletion,1q21.3,TDRKH
Deletion,1q21.3,DNAJB4
Deletion,1q21.3,ADAM30
Deletion,1q21.3,RCAN3
Deletion,1q21.3,FAF1
Deletion,1q21.3,CD160
Deletion,1q21.3,GLMN
Deletion,1q21.3,HHLA3
Deletion,1q21.3,CELF3
Deletion,1q21.3,DDX20
Deletion,1q21.3,DUSP10
Deletion,1q21.3,PMF1
Deletion,1q21.3,DUSP12
Deletion,1q21.3,VPS45
Deletion,1q21.3,LYPLA2
Deletion,1q21.3,COG2
Deletion,1q21.3,CLCA4
Deletion,1q21.3,MTF2
Deletion,1q21.3,DNAJC8
Deletion,1q21.3,NTNG1
Deletion,1q21.3,PLEKHA6
Deletion,1q21.3,FOXJ3
Deletion,1q21.3,KIAA0907
Deletion,1q21.3,WDR47
Deletion,1q21.3,KIFAP3
Deletion,1q21.3,ATF6
Deletion,1q21.3,SCMH1
Deletion,1q21.3,AKR7A3
Deletion,1q21.3,TTC39A
Deletion,1q21.3,KDM1A
Deletion,1q21.3,RBM34
Deletion,1q21.3,USP33
Deletion,1q21.3,WDTC1
Deletion,1q21.3,KIF21B
Deletion,1q21.3,NMNAT2
Deletion,1q21.3,EMC1
Deletion,1q21.3,NFASC
Deletion,1q21.3,POGZ
Deletion,1q21.3,COLGALT2
Deletion,1q21.3,MAST2
Deletion,1q21.3,NCDN
Deletion,1q21.3,CLCC1
Deletion,1q21.3,SLC35D1
Deletion,1q21.3,RGL1
Deletion,1q21.3,SYT11
Deletion,1q21.3,PRRC2C
Deletion,1q21.3,FBXO28
Deletion,1q21.3,RPRD2
Deletion,1q21.3,OTUD3
Deletion,1q21.3,ADGRL2
Deletion,1q21.3,CAMSAP2
Deletion,1q21.3,KIAA1107
Deletion,1q21.3,ZCCHC11
Deletion,1q21.3,SZT2
Deletion,1q21.3,UBR4
Deletion,1q21.3,USP24
Deletion,1q21.3,SRGAP2
Deletion,1q21.3,SMG5
Deletion,1q21.3,NCSTN
Deletion,1q21.3,CRB1
Deletion,1q21.3,ITGB3BP
Deletion,1q21.3,GPR161
Deletion,1q21.3,CELA3B
Deletion,1q21.3,SLC35A3
Deletion,1q21.3,ABCB10
Deletion,1q21.3,MACF1
Deletion,1q21.3,LRRC8B
Deletion,1q21.3,ZNF281
Deletion,1q21.3,SNAPIN
Deletion,1q21.3,LPAR3
Deletion,1q21.3,DDAH1
Deletion,1q21.3,TMEM50A
Deletion,1q21.3,OPN3
Deletion,1q21.3,PHLDA3
Deletion,1q21.3,RUSC1
Deletion,1q21.3,CA14
Deletion,1q21.3,KPNA6
Deletion,1q21.3,SSBP3
Deletion,1q21.3,STX12
Deletion,1q21.3,DSTYK
Deletion,1q21.3,RAB3GAP2
Deletion,1q21.3,CFAP45
Deletion,1q21.3,LMOD1
Deletion,1q21.3,NBPF14
Deletion,1q21.3,MPC2
Deletion,1q21.3,TRIM58
Deletion,1q21.3,INTS7
Deletion,1q21.3,OLFML2B
Deletion,1q21.3,AHCTF1
Deletion,1q21.3,C1orf43
Deletion,1q21.3,CLIC4
Deletion,1q21.3,NSL1
Deletion,1q21.3,SYF2
Deletion,1q21.3,RWDD3
Deletion,1q21.3,PARS2
Deletion,1q21.3,MMACHC
Deletion,1q21.3,ZZZ3
Deletion,1q21.3,ACOT11
Deletion,1q21.3,DNM3
Deletion,1q21.3,TOR1AIP1
Deletion,1q21.3,CHTOP
Deletion,1q21.3,LDLRAP1
Deletion,1q21.3,SERBP1
Deletion,1q21.3,OR1C1
Deletion,1q21.3,PTPN22
Deletion,1q21.3,PHGDH
Deletion,1q21.3,LCE2B
Deletion,1q21.3,OR2M4
Deletion,1q21.3,OR2L2
Deletion,1q21.3,OR2L1P
Deletion,1q21.3,OPTC
Deletion,1q21.3,PLA2G2D
Deletion,1q21.3,AK5
Deletion,1q21.3,MYCBP
Deletion,1q21.3,OR10J1
Deletion,1q21.3,HEYL
Deletion,1q21.3,AGO1
Deletion,1q21.3,OR2T1
Deletion,1q21.3,RPS6KC1
Deletion,1q21.3,RNF11
Deletion,1q21.3,USP21
Deletion,1q21.3,FOXD3
Deletion,1q21.3,DIEXF
Deletion,1q21.3,TRAPPC3
Deletion,1q21.3,TAF5L
Deletion,1q21.3,CACYBP
Deletion,1q21.3,CHIA
Deletion,1q21.3,SLC39A1
Deletion,1q21.3,DISC2
Deletion,1q21.3,DISC1
Deletion,1q21.3,AHDC1
Deletion,1q21.3,RNF115
Deletion,1q21.3,KLHL20
Deletion,1q21.3,TEKT2
Deletion,1q21.3,SMPDL3B
Deletion,1q21.3,ANGPTL3
Deletion,1q21.3,LAMTOR2
Deletion,1q21.3,FLVCR1
Deletion,1q21.3,UBE2T
Deletion,1q21.3,CNIH4
Deletion,1q21.3,TMOD4
Deletion,1q21.3,GNL2
Deletion,1q21.3,GPSM2
Deletion,1q21.3,PYCR2
Deletion,1q21.3,NME7
Deletion,1q21.3,ALG6
Deletion,1q21.3,NENF
Deletion,1q21.3,IL19
Deletion,1q21.3,CERS2
Deletion,1q21.3,SLC25A24
Deletion,1q21.3,PLA2G2E
Deletion,1q21.3,DNTTIP2
Deletion,1q21.3,CRNN
Deletion,1q21.3,G0S2
Deletion,1q21.3,IL20
Deletion,1q21.3,DCAF8
Deletion,1q21.3,HP1BP3
Deletion,1q21.3,F11R
Deletion,1q21.3,TMED5
Deletion,1q21.3,RRP15
Deletion,1q21.3,GLRX2
Deletion,1q21.3,BOLA1
Deletion,1q21.3,DESI2
Deletion,1q21.3,ZNF593
Deletion,1q21.3,ZBTB7B
Deletion,1q21.3,ZNF691
Deletion,1q21.3,TXNDC12
Deletion,1q21.3,TNNI3K
Deletion,1q21.3,RRNAD1
Deletion,1q21.3,ADIPOR1
Deletion,1q21.3,SCCPDH
Deletion,1q21.3,SH3GLB1
Deletion,1q21.3,MECR
Deletion,1q21.3,APH1A
Deletion,1q21.3,UTP11
Deletion,1q21.3,TRIM17
Deletion,1q21.3,KCTD3
Deletion,1q21.3,MRTO4
Deletion,1q21.3,PLEKHO1
Deletion,1q21.3,HAO2
Deletion,1q21.3,ACP6
Deletion,1q21.3,TMEM69
Deletion,1q21.3,MRPL37
Deletion,1q21.3,IER5
Deletion,1q21.3,HOOK1
Deletion,1q21.3,SNX7
Deletion,1q21.3,UCHL5
Deletion,1q21.3,SUCO
Deletion,1q21.3,HPCAL4
Deletion,1q21.3,YTHDF2
Deletion,1q21.3,GPR89B
Deletion,1q21.3,HSD17B7
Deletion,1q21.3,UFC1
Deletion,1q21.3,DTL
Deletion,1q21.3,ZCCHC17
Deletion,1q21.3,TRIM33
Deletion,1q21.3,METTL13
Deletion,1q21.3,DPH5
Deletion,1q21.3,HSPB11
Deletion,1q21.3,OAZ3
Deletion,1q21.3,CYB5R1
Deletion,1q21.3,CMPK1
Deletion,1q21.3,ARID4B
Deletion,1q21.3,CD244
Deletion,1q21.3,GPR88
Deletion,1q21.3,DPM3
Deletion,1q21.3,WNT4
Deletion,1q21.3,YIPF1
Deletion,1q21.3,MRPS21
Deletion,1q21.3,TRMT13
Deletion,1q21.3,TMCO1
Deletion,1q21.3,ADAMTSL4
Deletion,1q21.3,CRCT1
Deletion,1q21.3,RNF186
Deletion,1q21.3,SPATA6
Deletion,1q21.3,EGLN1
Deletion,1q21.3,L1TD1
Deletion,1q21.3,MAP10
Deletion,1q21.3,RSBN1
Deletion,1q21.3,ZNHIT6
Deletion,1q21.3,GPN2
Deletion,1q21.3,LEPROT
Deletion,1q21.3,MED18
Deletion,1q21.3,TRIT1
Deletion,1q21.3,GIPC2
Deletion,1q21.3,SWT1
Deletion,1q21.3,GDAP2
Deletion,1q21.3,FAM46C
Deletion,1q21.3,GON4L
Deletion,1q21.3,GPATCH4
Deletion,1q21.3,PALMD
Deletion,1q21.3,FNBP1L
Deletion,1q21.3,ST7L
Deletion,1q21.3,PQLC2
Deletion,1q21.3,LAX1
Deletion,1q21.3,RHBDL2
Deletion,1q21.3,DUSP23
Deletion,1q21.3,ADPRHL2
Deletion,1q21.3,TRNAU1AP
Deletion,1q21.3,C1orf27
Deletion,1q21.3,C1orf109
Deletion,1q21.3,C1orf56
Deletion,1q21.3,C1orf123
Deletion,1q21.3,MARC2
Deletion,1q21.3,TTC22
Deletion,1q21.3,AIM1L
Deletion,1q21.3,SUSD4
Deletion,1q21.3,KIF26B
Deletion,1q21.3,RALGPS2
Deletion,1q21.3,GPATCH2
Deletion,1q21.3,BSDC1
Deletion,1q21.3,XKR8
Deletion,1q21.3,TMEM39B
Deletion,1q21.3,PRPF38B
Deletion,1q21.3,HEATR1
Deletion,1q21.3,CDCA8
Deletion,1q21.3,LRRC8D
Deletion,1q21.3,MSTO1
Deletion,1q21.3,DARS2
Deletion,1q21.3,PRMT6
Deletion,1q21.3,RNF220
Deletion,1q21.3,EVA1B
Deletion,1q21.3,GOLPH3L
Deletion,1q21.3,TMEM57
Deletion,1q21.3,KLHDC8A
Deletion,1q21.3,TRIM62
Deletion,1q21.3,ETNK2
Deletion,1q21.3,RAVER2
Deletion,1q21.3,KIRREL
Deletion,1q21.3,TMEM206
Deletion,1q21.3,YY1AP1
Deletion,1q21.3,ECHDC2
Deletion,1q21.3,FGGY
Deletion,1q21.3,MCOLN3
Deletion,1q21.3,SLC22A15
Deletion,1q21.3,YOD1
Deletion,1q21.3,CAMK2N1
Deletion,1q21.3,BATF3
Deletion,1q21.3,SLC30A10
Deletion,1q21.3,UBE2Q1
Deletion,1q21.3,RNPC3
Deletion,1q21.3,ITLN1
Deletion,1q21.3,ASAP3
Deletion,1q21.3,POMGNT1
Deletion,1q21.3,PNRC2
Deletion,1q21.3,LRRC40
Deletion,1q21.3,DEPDC1
Deletion,1q21.3,PIGV
Deletion,1q21.3,ZNF692
Deletion,1q21.3,IARS2
Deletion,1q21.3,MAP7D1
Deletion,1q21.3,IPO9
Deletion,1q21.3,NDC1
Deletion,1q21.3,IQCC
Deletion,1q21.3,C1orf112
Deletion,1q21.3,HHAT
Deletion,1q21.3,ENAH
Deletion,1q21.3,NUP133
Deletion,1q21.3,RCOR3
Deletion,1q21.3,C1orf106
Deletion,1q21.3,LRIF1
Deletion,1q21.3,FAM63A
Deletion,1q21.3,ADCY10
Deletion,1q21.3,DCAF6
Deletion,1q21.3,ASH1L
Deletion,1q21.3,LENEP
Deletion,1q21.3,CTTNBP2NL
Deletion,1q21.3,FAM212B
Deletion,1q21.3,DMAP1
Deletion,1q21.3,GNG12
Deletion,1q21.3,SLC50A1
Deletion,1q21.3,TMEM234
Deletion,1q21.3,MTFR1L
Deletion,1q21.3,SERTAD4
Deletion,1q21.3,KYAT3
Deletion,1q21.3,ERO1B
Deletion,1q21.3,FMN2
Deletion,1q21.3,SLAMF8
Deletion,1q21.3,CDC42SE1
Deletion,1q21.3,UBQLN4
Deletion,1q21.3,TMEM167B
Deletion,1q21.3,OLFML3
Deletion,1q21.3,SMYD2
Deletion,1q21.3,LHX9
Deletion,1q21.3,OTUD7B
Deletion,1q21.3,COQ8A
Deletion,1q21.3,RSRP1
Deletion,1q21.3,PITHD1
Deletion,1q21.3,RAB25
Deletion,1q21.3,PGLYRP4
Deletion,1q21.3,ZNF695
Deletion,1q21.3,RHBG
Deletion,1q21.3,MAN1C1
Deletion,1q21.3,SCYL3
Deletion,1q21.3,GJC2
Deletion,1q21.3,CAMK1G
Deletion,1q21.3,NIPAL3
Deletion,1q21.3,SEPN1
Deletion,1q21.3,ATP8B2
Deletion,1q21.3,VANGL2
Deletion,1q21.3,PBXIP1
Deletion,1q21.3,S100A14
Deletion,1q21.3,TMIGD3
Deletion,1q21.3,GATAD2B
Deletion,1q21.3,AMIGO1
Deletion,1q21.3,ODF2L
Deletion,1q21.3,CGN
Deletion,1q21.3,KIAA1324
Deletion,1q21.3,IGSF9
Deletion,1q21.3,LRRC7
Deletion,1q21.3,SIPA1L2
Deletion,1q21.3,KIF17
Deletion,1q21.3,ZNF687
Deletion,1q21.3,ZSWIM5
Deletion,1q21.3,POGK
Deletion,1q21.3,KIAA1522
Deletion,1q21.3,HCN3
Deletion,1q21.3,CACHD1
Deletion,1q21.3,MIER1
Deletion,1q21.3,KIAA1614
Deletion,1q21.3,BRINP2
Deletion,1q21.3,CCDC181
Deletion,1q21.3,GRHL3
Deletion,1q21.3,SLAMF7
Deletion,1q21.3,ZP4
Deletion,1q21.3,CADM3
Deletion,1q21.3,PTBP2
Deletion,1q21.3,RHOU
Deletion,1q21.3,PRUNE1
Deletion,1q21.3,DNASE2B
Deletion,1q21.3,DLGAP3
Deletion,1q21.3,IL22RA1
Deletion,1q21.3,HIVEP3
Deletion,1q21.3,KLHL12
Deletion,1q21.3,LGR6
Deletion,1q21.3,GPBP1L1
Deletion,1q21.3,HAPLN2
Deletion,1q21.3,GAS5
Deletion,1q21.3,PAPPA2
Deletion,1q21.3,BCAN
Deletion,1q21.3,GPATCH3
Deletion,1q21.3,TNN
Deletion,1q21.3,MRPS14
Deletion,1q21.3,DMRTB1
Deletion,1q21.3,DMRTA2
Deletion,1q21.3,CLSPN
Deletion,1q21.3,OXCT2
Deletion,1q21.3,RRAGC
Deletion,1q21.3,ADGRL4
Deletion,1q21.3,TINAGL1
Deletion,1q21.3,P3H1
Deletion,1q21.3,TFB2M
Deletion,1q21.3,SEMA4A
Deletion,1q21.3,TOR3A
Deletion,1q21.3,RFWD2
Deletion,1q21.3,GREM2
Deletion,1q21.3,RGS18
Deletion,1q21.3,PLA2G2F
Deletion,1q21.3,MFSD14A
Deletion,1q21.3,NUCKS1
Deletion,1q21.3,SMAP2
Deletion,1q21.3,ACBD3
Deletion,1q21.3,SMYD3
Deletion,1q21.3,ATPAF1
Deletion,1q21.3,MARC1
Deletion,1q21.3,S100PBP
Deletion,1q21.3,MEAF6
Deletion,1q21.3,RBM15
Deletion,1q21.3,EXO5
Deletion,1q21.3,CEP85
Deletion,1q21.3,ARV1
Deletion,1q21.3,ELOVL1
Deletion,1q21.3,AIDA
Deletion,1q21.3,DCLRE1B
Deletion,1q21.3,MRPS15
Deletion,1q21.3,MRPL9
Deletion,1q21.3,PINK1
Deletion,1q21.3,JMJD4
Deletion,1q21.3,MARCKSL1
Deletion,1q21.3,INTS3
Deletion,1q21.3,ZFP69B
Deletion,1q21.3,COA7
Deletion,1q21.3,PHACTR4
Deletion,1q21.3,AUNIP
Deletion,1q21.3,SCNM1
Deletion,1q21.3,ERI3
Deletion,1q21.3,C1orf50
Deletion,1q21.3,WDR77
Deletion,1q21.3,C1orf116
Deletion,1q21.3,CCDC28B
Deletion,1q21.3,C1orf35
Deletion,1q21.3,FCRL2
Deletion,1q21.3,DLEU2L
Deletion,1q21.3,NKAIN1
Deletion,1q21.3,TTC13
Deletion,1q21.3,EPS8L3
Deletion,1q21.3,CDC73
Deletion,1q21.3,MRPL24
Deletion,1q21.3,MUL1
Deletion,1q21.3,PGBD5
Deletion,1q21.3,TNFAIP8L2
Deletion,1q21.3,C1orf54
Deletion,1q21.3,TMEM53
Deletion,1q21.3,AKIRIN1
Deletion,1q21.3,HECTD3
Deletion,1q21.3,BEND5
Deletion,1q21.3,VTCN1
Deletion,1q21.3,YRDC
Deletion,1q21.3,ZYG11B
Deletion,1q21.3,PPCS
Deletion,1q21.3,LIN28A
Deletion,1q21.3,SH3D21
Deletion,1q21.3,TTLL7
Deletion,1q21.3,SNIP1
Deletion,1q21.3,C1orf115
Deletion,1q21.3,HHIPL2
Deletion,1q21.3,VASH2
Deletion,1q21.3,WDR78
Deletion,1q21.3,ZMYM1
Deletion,1q21.3,ZNF669
Deletion,1q21.3,RPAP2
Deletion,1q21.3,ZNF672
Deletion,1q21.3,FAM110D
Deletion,1q21.3,KIAA0319L
Deletion,1q21.3,DHDDS
Deletion,1q21.3,PAQR6
Deletion,1q21.3,DENND2D
Deletion,1q21.3,WLS
Deletion,1q21.3,PCNX2
Deletion,1q21.3,TRIM46
Deletion,1q21.3,MROH9
Deletion,1q21.3,RPF1
Deletion,1q21.3,SIKE1
Deletion,1q21.3,ZC3H12A
Deletion,1q21.3,TARS2
Deletion,1q21.3,WDR26
Deletion,1q21.3,TRIM45
Deletion,1q21.3,EDEM3
Deletion,1q21.3,FLAD1
Deletion,1q21.3,TRAF3IP3
Deletion,1q21.3,ZNF436
Deletion,1q21.3,SH3BP5L
Deletion,1q21.3,NPL
Deletion,1q21.3,GJA9
Deletion,1q21.3,OR6N2
Deletion,1q21.3,OR6K2
Deletion,1q21.3,OR2L5
Deletion,1q21.3,OR2G3
Deletion,1q21.3,OR2G2
Deletion,1q21.3,OR2C3
Deletion,1q21.3,SYNC
Deletion,1q21.3,CFHR5
Deletion,1q21.3,TRIM11
Deletion,1q21.3,C1orf21
Deletion,1q21.3,ANKRD13C
Deletion,1q21.3,NECTIN4
Deletion,1q21.3,SNX27
Deletion,1q21.3,ANP32E
Deletion,1q21.3,SHCBP1L
Deletion,1q21.3,TRMT1L
Deletion,1q21.3,TSSK3
Deletion,1q21.3,NUAK2
Deletion,1q21.3,VANGL1
Deletion,1q21.3,ST6GALNAC5
Deletion,1q21.3,ISG20L2
Deletion,1q21.3,HYI
Deletion,1q21.3,FCRL5
Deletion,1q21.3,FCRL4
Deletion,1q21.3,SH3BGRL3
Deletion,1q21.3,DDX59
Deletion,1q21.3,NUF2
Deletion,1q21.3,RASSF5
Deletion,1q21.3,SESN2
Deletion,1q21.3,HMCN1
Deletion,1q21.3,GPR61
Deletion,1q21.3,MIXL1
Deletion,1q21.3,STK40
Deletion,1q21.3,SPRTN
Deletion,1q21.3,TM2D1
Deletion,1q21.3,FCAMR
Deletion,1q21.3,REG4
Deletion,1q21.3,OBSCN
Deletion,1q21.3,TMEM222
Deletion,1q21.3,TEX35
Deletion,1q21.3,HORMAD1
Deletion,1q21.3,TOMM40L
Deletion,1q21.3,SYDE2
Deletion,1q21.3,ZNF644
Deletion,1q21.3,USP48
Deletion,1q21.3,ZMYND12
Deletion,1q21.3,NBPF3
Deletion,1q21.3,LRRC8C
Deletion,1q21.3,ZDHHC18
Deletion,1q21.3,SGIP1
Deletion,1q21.3,POLR3GL
Deletion,1q21.3,TMEM79
Deletion,1q21.3,NTPCR
Deletion,1q21.3,EFCAB2
Deletion,1q21.3,ACBD6
Deletion,1q21.3,PROK1
Deletion,1q21.3,MLK4
Deletion,1q21.3,EFCAB7
Deletion,1q21.3,ZBTB37
Deletion,1q21.3,NT5C1A
Deletion,1q21.3,LCE3D
Deletion,1q21.3,TRIM63
Deletion,1q21.3,PSRC1
Deletion,1q21.3,FAM167B
Deletion,1q21.3,FOXD2-AS1
Deletion,1q21.3,FCRLA
Deletion,1q21.3,ANKRD36BP1
Deletion,1q21.3,ZNF496
Deletion,1q21.3,HPDL
Deletion,1q21.3,ATP1A1-AS1
Deletion,1q21.3,AGBL4
Deletion,1q21.3,MFSD2A
Deletion,1q21.3,C1orf198
Deletion,1q21.3,PPP1R15B
Deletion,1q21.3,ATG4C
Deletion,1q21.3,MAEL
Deletion,1q21.3,PRPF38A
Deletion,1q21.3,SYTL1
Deletion,1q21.3,LSM10
Deletion,1q21.3,C1orf94
Deletion,1q21.3,DISP1
Deletion,1q21.3,SNHG12
Deletion,1q21.3,STRIP1
Deletion,1q21.3,RGS8
Deletion,1q21.3,SLC45A3
Deletion,1q21.3,DOCK7
Deletion,1q21.3,WNT3A
Deletion,1q21.3,NAV1
Deletion,1q21.3,SEC16B
Deletion,1q21.3,AQP10
Deletion,1q21.3,LHX4
Deletion,1q21.3,SLAMF9
Deletion,1q21.3,STPG1
Deletion,1q21.3,PYGO2
Deletion,1q21.3,ANGEL2
Deletion,1q21.3,SPOCD1
Deletion,1q21.3,ZNF697
Deletion,1q21.3,IGFN1
Deletion,1q21.3,NUP210L
Deletion,1q21.3,BTF3L4
Deletion,1q21.3,UBXN11
Deletion,1q21.3,NEXN
Deletion,1q21.3,CENPL
Deletion,1q21.3,DUSP27
Deletion,1q21.3,RCSD1
Deletion,1q21.3,MEX3A
Deletion,1q21.3,METTL18
Deletion,1q21.3,GORAB
Deletion,1q21.3,C1orf105
Deletion,1q21.3,TMEM183A
Deletion,1q21.3,HIST3H2A
Deletion,1q21.3,PIGM
Deletion,1q21.3,IGSF8
Deletion,1q21.3,LEMD1
Deletion,1q21.3,ZNF670
Deletion,1q21.3,ATPIF1
Deletion,1q21.3,DNAJA1P5
Deletion,1q21.3,GLMP
Deletion,1q21.3,MED8
Deletion,1q21.3,KTI12
Deletion,1q21.3,SMIM12
Deletion,1q21.3,AZIN2
Deletion,1q21.3,TMEM54
Deletion,1q21.3,HENMT1
Deletion,1q21.3,TOE1
Deletion,1q21.3,NLRP3
Deletion,1q21.3,ERMAP
Deletion,1q21.3,PGLYRP3
Deletion,1q21.3,CSMD2
Deletion,1q21.3,MYSM1
Deletion,1q21.3,GNRHR2
Deletion,1q21.3,SLAMF6
Deletion,1q21.3,OSBPL9
Deletion,1q21.3,SLC26A9
Deletion,1q21.3,OMA1
Deletion,1q21.3,RAB42
Deletion,1q21.3,FCRL1
Deletion,1q21.3,FCRL3
Deletion,1q21.3,LRRC42
Deletion,1q21.3,GBP4
Deletion,1q21.3,GBP5
Deletion,1q21.3,FAM46B
Deletion,1q21.3,FMO9P
Deletion,1q21.3,COX20
Deletion,1q21.3,TSEN15
Deletion,1q21.3,FAM129A
Deletion,1q21.3,SNAP47
Deletion,1q21.3,TADA1
Deletion,1q21.3,THEM4
Deletion,1q21.3,SH2D1B
Deletion,1q21.3,SSX2IP
Deletion,1q21.3,OLFM3
Deletion,1q21.3,GABPB2
Deletion,1q21.3,TCHHL1
Deletion,1q21.3,RPTN
Deletion,1q21.3,CCDC163
Deletion,1q21.3,TDRD10
Deletion,1q21.3,SHE
Deletion,1q21.3,KDF1
Deletion,1q21.3,CCSAP
Deletion,1q21.3,WDR63
Deletion,1q21.3,KLHDC9
Deletion,1q21.3,AXDND1
Deletion,1q21.3,MAB21L3
Deletion,1q21.3,SLC44A3
Deletion,1q21.3,ATXN7L2
Deletion,1q21.3,C1orf194
Deletion,1q21.3,LYPLAL1
Deletion,1q21.3,OR2M5
Deletion,1q21.3,OR2M3
Deletion,1q21.3,OR2T12
Deletion,1q21.3,OR14C36
Deletion,1q21.3,OR2T34
Deletion,1q21.3,OR2T10
Deletion,1q21.3,OR2T4
Deletion,1q21.3,OR2T11
Deletion,1q21.3,ATP6V1G3
Deletion,1q21.3,ASB17
Deletion,1q21.3,TYW3
Deletion,1q21.3,ERICH3
Deletion,1q21.3,LRRIQ3
Deletion,1q21.3,MYOM3
Deletion,1q21.3,DMBX1
Deletion,1q21.3,OR10J5
Deletion,1q21.3,TMCO2
Deletion,1q21.3,ZNF684
Deletion,1q21.3,TCEANC2
Deletion,1q21.3,PODN
Deletion,1q21.3,LRRC39
Deletion,1q21.3,GJB4
Deletion,1q21.3,HMGB4
Deletion,1q21.3,RNF19B
Deletion,1q21.3,A3GALT2
Deletion,1q21.3,DCST2
Deletion,1q21.3,DNAH14
Deletion,1q21.3,OR2B11
Deletion,1q21.3,ZNF648
Deletion,1q21.3,TEDDM1
Deletion,1q21.3,C1orf122
Deletion,1q21.3,OSCP1
Deletion,1q21.3,C1orf216
Deletion,1q21.3,VWA5B1
Deletion,1q21.3,UBXN10
Deletion,1q21.3,C1orf87
Deletion,1q21.3,ARL8A
Deletion,1q21.3,SYT2
Deletion,1q21.3,GOLT1A
Deletion,1q21.3,UHMK1
Deletion,1q21.3,FCRLB
Deletion,1q21.3,WDR64
Deletion,1q21.3,C1orf131
Deletion,1q21.3,LIX1L
Deletion,1q21.3,HSD3BP4
Deletion,1q21.3,SPATA17
Deletion,1q21.3,EDARADD
Deletion,1q21.3,KLF17
Deletion,1q21.3,TMEM125
Deletion,1q21.3,TSACC
Deletion,1q21.3,IQGAP3
Deletion,1q21.3,NAXE
Deletion,1q21.3,MRPL55
Deletion,1q21.3,HIST3H2BB
Deletion,1q21.3,DRAM2
Deletion,1q21.3,PIFO
Deletion,1q21.3,C1orf162
Deletion,1q21.3,OR10T2
Deletion,1q21.3,OR6P1
Deletion,1q21.3,OR10X1
Deletion,1q21.3,OR10Z1
Deletion,1q21.3,OR6K6
Deletion,1q21.3,OR6N1
Deletion,1q21.3,TATDN3
Deletion,1q21.3,S100A16
Deletion,1q21.3,NEK7
Deletion,1q21.3,ITLN2
Deletion,1q21.3,SYT6
Deletion,1q21.3,C1orf74
Deletion,1q21.3,CREB3L4
Deletion,1q21.3,BROX
Deletion,1q21.3,SAMD13
Deletion,1q21.3,C1orf52
Deletion,1q21.3,CIART
Deletion,1q21.3,TMEM56
Deletion,1q21.3,NBPF4
Deletion,1q21.3,UBE2U
Deletion,1q21.3,SLC35F3
Deletion,1q21.3,PTPRVP
Deletion,1q21.3,HFE2
Deletion,1q21.3,ANKRD35
Deletion,1q21.3,FAM163A
Deletion,1q21.3,OVAAL
Deletion,1q21.3,B3GALNT2
Deletion,1q21.3,MFSD4A
Deletion,1q21.3,PM20D1
Deletion,1q21.3,GCSAML
Deletion,1q21.3,GCSAML-AS1
Deletion,1q21.3,SLC30A7
Deletion,1q21.3,ZNF436-AS1
Deletion,1q21.3,KNCN
Deletion,1q21.3,MOB3C
Deletion,1q21.3,GLIS1
Deletion,1q21.3,NBPF12
Deletion,1q21.3,LELP1
Deletion,1q21.3,RC3H1
Deletion,1q21.3,MGC27382
Deletion,1q21.3,DCDC2B
Deletion,1q21.3,ZNF362
Deletion,1q21.3,DCST1
Deletion,1q21.3,CNIH3
Deletion,1q21.3,MANEAL
Deletion,1q21.3,IL23R
Deletion,1q21.3,METTL11B
Deletion,1q21.3,FAM78B
Deletion,1q21.3,SHISA4
Deletion,1q21.3,EXOC8
Deletion,1q21.3,PDIK1L
Deletion,1q21.3,BNIPL
Deletion,1q21.3,CLDN19
Deletion,1q21.3,CFAP57
Deletion,1q21.3,C1orf210
Deletion,1q21.3,CCDC24
Deletion,1q21.3,BTBD19
Deletion,1q21.3,CCDC17
Deletion,1q21.3,LRRC71
Deletion,1q21.3,RNF187
Deletion,1q21.3,CHIAP2
Deletion,1q21.3,PYHIN1
Deletion,1q21.3,SPATA45
Deletion,1q21.3,FAM71A
Deletion,1q21.3,DENND2C
Deletion,1q21.3,GBP6
Deletion,1q21.3,PLPPR5
Deletion,1q21.3,FNDC7
Deletion,1q21.3,DENND1B
Deletion,1q21.3,TDRD5
Deletion,1q21.3,TOR1AIP2
Deletion,1q21.3,IFNLR1
Deletion,1q21.3,CYP4Z2P
Deletion,1q21.3,CITED4
Deletion,1q21.3,SLC25A3P1
Deletion,1q21.3,LEXM
Deletion,1q21.3,SPRR4
Deletion,1q21.3,KANK4
Deletion,1q21.3,SASS6
Deletion,1q21.3,SDE2
Deletion,1q21.3,CNST
Deletion,1q21.3,FAM43B
Deletion,1q21.3,HFM1
Deletion,1q21.3,PAQR7
Deletion,1q21.3,TTC24
Deletion,1q21.3,CCDC185
Deletion,1q21.3,UBL4B
Deletion,1q21.3,NUDT4P2
Deletion,1q21.3,PDIA3P1
Deletion,1q21.3,OXCT2P1
Deletion,1q21.3,AGO3
Deletion,1q21.3,AGO4
Deletion,1q21.3,LCE4A
Deletion,1q21.3,ALG14
Deletion,1q21.3,FAM76A
Deletion,1q21.3,C1orf168
Deletion,1q21.3,TMEM61
Deletion,1q21.3,CYP4Z1
Deletion,1q21.3,CDCP2
Deletion,1q21.3,SLC5A9
Deletion,1q21.3,CC2D1B
Deletion,1q21.3,NBPF11
Deletion,1q21.3,NUDT17
Deletion,1q21.3,FLJ23867
Deletion,1q21.3,TXLNA
Deletion,1q21.3,TCTEX1D1
Deletion,1q21.3,PLD5
Deletion,1q21.3,C1orf100
Deletion,1q21.3,SPAG17
Deletion,1q21.3,SLFNL1
Deletion,1q21.3,KRTCAP2
Deletion,1q21.3,CRTC2
Deletion,1q21.3,IBA57
Deletion,1q21.3,HIPK1
Deletion,1q21.3,SLC44A5
Deletion,1q21.3,AKR7L
Deletion,1q21.3,AKR7A2P1
Deletion,1q21.3,TMEM9
Deletion,1q21.3,FNDC5
Deletion,1q21.3,EPHX4
Deletion,1q21.3,AKNAD1
Deletion,1q21.3,SLC41A1
Deletion,1q21.3,OR2T6
Deletion,1q21.3,LCE5A
Deletion,1q21.3,TMCO4
Deletion,1q21.3,MCOLN2
Deletion,1q21.3,COL24A1
Deletion,1q21.3,PCSK9
Deletion,1q21.3,SYT14
Deletion,1q21.3,ST6GALNAC3
Deletion,1q21.3,C1orf101
Deletion,1q21.3,ZNF683
Deletion,1q21.3,ARHGAP30
Deletion,1q21.3,CFAP126
Deletion,1q21.3,NEGR1
Deletion,1q21.3,ASPM
Deletion,1q21.3,MDS2
Deletion,1q21.3,CYP4X1
Deletion,1q21.3,MAGI3
Deletion,1q21.3,TIPRL
Deletion,1q21.3,BEST4
Deletion,1q21.3,PGBD2
Deletion,1q21.3,FAM19A3
Deletion,1q21.3,RIIAD1
Deletion,1q21.3,THEM5
Deletion,1q21.3,OR2L13
Deletion,1q21.3,SLC9C2
Deletion,1q21.3,OR14A16
Deletion,1q21.3,CYP4A22
Deletion,1q21.3,C1orf185
Deletion,1q21.3,NBPF15
Deletion,1q21.3,LEMD1-AS1
Deletion,1q21.3,FAM102B
Deletion,1q21.3,SYPL2
Deletion,1q21.3,CYB561D1
Deletion,1q21.3,ANKRD34A
Deletion,1q21.3,RUSC1-AS1
Deletion,1q21.3,SMG7-AS1
Deletion,1q21.3,RSPO1
Deletion,1q21.3,EPHA10
Deletion,1q21.3,C1orf204
Deletion,1q21.3,C1orf111
Deletion,1q21.3,ZNF326
Deletion,1q21.3,BTBD8
Deletion,1q21.3,RIMKLA
Deletion,1q21.3,LIN9
Deletion,1q21.3,VN1R5
Deletion,1q21.3,HIST2H2AB
Deletion,1q21.3,PPM1J
Deletion,1q21.3,HIST2H3A
Deletion,1q21.3,HIST2H2BC
Deletion,1q21.3,HIST2H2BA
Deletion,1q21.3,FAM151A
Deletion,1q21.3,S100A7A
Deletion,1q21.3,RAB7B
Deletion,1q21.3,LINGO4
Deletion,1q21.3,FLG-AS1
Deletion,1q21.3,RXFP4
Deletion,1q21.3,ANKRD45
Deletion,1q21.3,BRINP3
Deletion,1q21.3,MTMR9LP
Deletion,1q21.3,ZBTB8OS
Deletion,1q21.3,TFAP2E
Deletion,1q21.3,ZNF678
Deletion,1q21.3,PRSS38
Deletion,1q21.3,CCDC190
Deletion,1q21.3,C1orf228
Deletion,1q21.3,ZFP69
Deletion,1q21.3,RD3
Deletion,1q21.3,CCDC18
Deletion,1q21.3,OR6F1
Deletion,1q21.3,OR2W3
Deletion,1q21.3,OR2T8
Deletion,1q21.3,OR2T3
Deletion,1q21.3,MYBPHL
Deletion,1q21.3,OR10R2
Deletion,1q21.3,FCRL6
Deletion,1q21.3,KCNT2
Deletion,1q21.3,BARHL2
Deletion,1q21.3,NBPF7
Deletion,1q21.3,TCTEX1D4
Deletion,1q21.3,OR2T29
Deletion,1q21.3,SERINC2
Deletion,1q21.3,FAM159A
Deletion,1q21.3,LCE1A
Deletion,1q21.3,LCE1B
Deletion,1q21.3,LCE1C
Deletion,1q21.3,LCE1D
Deletion,1q21.3,LCE1E
Deletion,1q21.3,LCE1F
Deletion,1q21.3,LCE2A
Deletion,1q21.3,LCE2C
Deletion,1q21.3,LCE2D
Deletion,1q21.3,LCE3A
Deletion,1q21.3,LCE3B
Deletion,1q21.3,LCE3C
Deletion,1q21.3,LCE3E
Deletion,1q21.3,RGSL1
Deletion,1q21.3,BMP8A
Deletion,1q21.3,IRF2BP2
Deletion,1q21.3,ZBTB41
Deletion,1q21.3,CYCSP52
Deletion,1q21.3,SVBP
Deletion,1q21.3,TEX38
Deletion,1q21.3,MROH7
Deletion,1q21.3,MIGA1
Deletion,1q21.3,NEXN-AS1
Deletion,1q21.3,PEAR1
Deletion,1q21.3,SFT2D2
Deletion,1q21.3,MIA3
Deletion,1q21.3,STUM
Deletion,1q21.3,FAM89A
Deletion,1q21.3,RPS10P7
Deletion,1q21.3,CATSPER4
Deletion,1q21.3,NSUN4
Deletion,1q21.3,ILDR2
Deletion,1q21.3,TRNP1
Deletion,1q21.3,CD164L2
Deletion,1q21.3,TRABD2B
Deletion,1q21.3,LDLRAD1
Deletion,1q21.3,GBP7
Deletion,1q21.3,C1orf146
Deletion,1q21.3,FAM69A
Deletion,1q21.3,SLC6A17
Deletion,1q21.3,C1orf137
Deletion,1q21.3,NOTCH2NL
Deletion,1q21.3,LYSMD1
Deletion,1q21.3,HRNR
Deletion,1q21.3,FLG2
Deletion,1q21.3,C1orf189
Deletion,1q21.3,FMO6P
Deletion,1q21.3,C1orf53
Deletion,1q21.3,TMEM81
Deletion,1q21.3,CAPN8
Deletion,1q21.3,COA6
Deletion,1q21.3,C1orf229
Deletion,1q21.3,OR2M1P
Deletion,1q21.3,PLA2G2C
Deletion,1q21.3,SKINT1L
Deletion,1q21.3,UOX
Deletion,1q21.3,FRRS1
Deletion,1q21.3,VHLL
Deletion,1q21.3,OR10K2
Deletion,1q21.3,OR10K1
Deletion,1q21.3,OR6Y1
Deletion,1q21.3,OR6K3
Deletion,1q21.3,VSIG8
Deletion,1q21.3,OR11L1
Deletion,1q21.3,OR2L8
Deletion,1q21.3,OR2AK2
Deletion,1q21.3,OR2L3
Deletion,1q21.3,OR2M2
Deletion,1q21.3,OR2T33
Deletion,1q21.3,OR2M7
Deletion,1q21.3,OR2G6
Deletion,1q21.3,TMEM200B
Deletion,1q21.3,SH2D5
Deletion,1q21.3,NCMAP
Deletion,1q21.3,C1orf141
Deletion,1q21.3,GBP1P1
Deletion,1q21.3,FLJ27354
Deletion,1q21.3,C1orf226
Deletion,1q21.3,C1orf220
Deletion,1q21.3,C1orf140
Deletion,1q21.3,NBPF9
Deletion,1q21.3,FAM177B
Deletion,1q21.3,LDLRAD2
Deletion,1q21.3,ZNF847P
Deletion,1q21.3,OR2T2
Deletion,1q21.3,OR2T5
Deletion,1q21.3,OR14I1
Deletion,1q21.3,CSMD2-AS1
Deletion,1q21.3,OR2T27
Deletion,1q21.3,OR2T35
Deletion,1q21.3,APOBEC4
Deletion,1q21.3,MGC34796
Deletion,1q21.3,RGS21
Deletion,1q21.3,LHX8
Deletion,1q21.3,MINOS1
Deletion,1q21.3,SLC2A1-AS1
Deletion,1q21.3,FAM183A
Deletion,1q21.3,ZYG11A
Deletion,1q21.3,FLJ31662
Deletion,1q21.3,BCL2L15
Deletion,1q21.3,NUDT4P1
Deletion,1q21.3,HIST2H2BF
Deletion,1q21.3,ETV3L
Deletion,1q21.3,LRRC52
Deletion,1q21.3,C1orf186
Deletion,1q21.3,TRIM67
Deletion,1q21.3,MAP1LC3C
Deletion,1q21.3,H3F3AP4
Deletion,1q21.3,GTF2IP20
Deletion,1q21.3,PGCP1
Deletion,1q21.3,NBPF18P
Deletion,1q21.3,OR10J3
Deletion,1q21.3,BECN2
Deletion,1q21.3,OR2W5
Deletion,1q21.3,OR13G1
Deletion,1q21.3,KPRP
Deletion,1q21.3,LCE6A
Deletion,1q21.3,SUMO1P3
Deletion,1q21.3,GEMIN8P4
Deletion,1q21.3,RBMXL1
Deletion,1q21.3,LURAP1
Deletion,1q21.3,PEF1
Deletion,1q21.3,FAM72C
Deletion,1q21.3,DUSP5P1
Deletion,1q21.3,SERTAD4-AS1
Deletion,1q21.3,ADAMTSL4-AS1
Deletion,1q21.3,C1orf145
Deletion,1q21.3,PRR9
Deletion,1q21.3,IBA57-AS1
Deletion,1q21.3,CYB5RL
Deletion,1q21.3,SSBP3-AS1
Deletion,1q21.3,RPL31P11
Deletion,1q21.3,MGAT4EP
Deletion,1q21.3,SPATA42
Deletion,1q21.3,FLVCR1-AS1
Deletion,1q21.3,CYMP
Deletion,1q21.3,KIAA0754
Deletion,1q21.3,LYPLAL1-AS1
Deletion,1q21.3,RPS14P3
Deletion,1q21.3,PPIAL4G
Deletion,1q21.3,FAM231D
Deletion,1q21.3,NBPF13P
Deletion,1q21.3,ACTG1P20
Deletion,1q21.3,NFIA-AS1
Deletion,1q21.3,PPIAL4D
Deletion,1q21.3,SNRPD2P2
Deletion,1q21.3,ASH1L-AS1
Deletion,1q21.3,POU5F1P4
Deletion,1q21.3,MT1HL1
Deletion,1q21.3,RPS7P5
Deletion,1q21.3,S100A7L2
Deletion,1q21.3,LACTBL1
Deletion,1q21.3,LYPD8
Deletion,1q21.3,SETSIP
Deletion,1q21.3,EMBP1
Deletion,1q21.3,SRGAP2B
Deletion,1q21.3,ASCL5
Deletion,1q21.3,ACTG1P4
Deletion,1q21.3,ZBTB8A
Deletion,1q21.3,NBPF6
Deletion,1q21.3,SRGAP2C
Deletion,1q21.3,PPIAL4A
Deletion,1q21.3,GPR89A
Deletion,1q21.3,PPIAL4C
Deletion,1q21.3,HIST2H3D
Deletion,1q21.3,FAM72B
Deletion,1q21.3,PCP4L1
Deletion,1q21.3,ZBTB8B
Deletion,1q21.3,PPIEL
Deletion,1q21.3,TGFB2-AS1
Deletion,1q21.3,CCDC30
Deletion,1q21.3,FAM72D
Deletion,1q21.3,NBPF8
Deletion,1q21.3,RPS15AP10
Deletion,1q21.3,FAAHP1
Deletion,1q21.3,C1orf234
Deletion,1q21.3,HSD52
Deletion,1q21.3,FAM72A
Deletion,1q21.3,PPIAL4E
Deletion,1q21.3,PFN1P2
Deletion,1q21.3,PDZK1P1
Deletion,1q21.3,FAM229A
Deletion,1q21.3,C1orf132
Deletion,1q21.3,BTNL10
Deletion,1q21.3,MATN1-AS1
Deletion,1q21.3,C1orf68
Deletion,1q21.3,MSTO2P
Deletion,1q21.3,EFCAB14-AS1
Deletion,1q21.3,NFYC-AS1
Deletion,1q21.3,TSTD1
Deletion,1q21.3,RPL21P28
Deletion,1q21.3,CCDC18-AS1
Deletion,1q21.3,CADM3-AS1
Deletion,1q21.3,FOXO6
Deletion,1q21.3,NBPF10
Deletion,1q21.3,FCGR1CP
Deletion,1q21.3,ZRANB2-AS1
Deletion,1q21.3,KDM4A-AS1
Deletion,1q21.3,C2CD4D
Deletion,1q21.3,AP4B1-AS1
Deletion,1q21.3,LGALS8-AS1
Deletion,1q21.3,GM140
Deletion,1q21.3,GS1-279B7.1
Deletion,1q21.3,NBPF20
Deletion,1q21.3,HYDIN2
Deletion,1q21.3,GNG12-AS1
Deletion,1q21.3,RASAL2-AS1
Deletion,1q21.3,TSNAX-DISC1
Deletion,1q21.3,ZBED6
Deletion,1q21.3,SPATA1
Deletion,1q21.3,PROX1-AS1
Deletion,1q21.3,RTCA-AS1
Deletion,1q21.3,GAS5-AS1
Deletion,1q21.3,TMEM35B
Deletion,1q21.3,TAF1A-AS1
Deletion,1q21.3,FAM212B-AS1
Deletion,1q21.3,SLC16A1-AS1
Deletion,1q21.3,ITPKB-IT1
Deletion,1q21.3,PCAT6
Deletion,1q21.3,CHRM3-AS2
Deletion,1q21.3,TCEB3-AS1
Deletion,1q21.3,SLFNL1-AS1
Deletion,1q21.3,MKNK1-AS1
Deletion,1q21.3,FPGT-TNNI3K
Deletion,1q21.3,GJA9-MYCBP
Deletion,1q21.3,MROH7-TTC4
Deletion,1q21.3,PMF1-BGLAP
Deletion,1q21.3,LHX4-AS1
Deletion,1q21.3,TMEM56-RWDD3
Deletion,1q21.3,MINOS1-NBL1
Deletion,1q21.3,ZNF670-ZNF695
Deletion,1q21.3,TNFAIP8L2-SCNM1
Deletion,1q21.3,DNM3OS
Deletion,1q21.3,RCAN3AS
Deletion,1q21.3,NEGR1-IT1
Deletion,1q21.3,ZRANB2-AS2
Deletion,1q21.3,PINK1-AS
Deletion,1q21.3,SRGAP2-AS1
Deletion,1q21.3,HLX-AS1
Deletion,1q21.3,DPYD-AS1
Deletion,1q21.3,DPYD-AS2
Deletion,1q21.3,VAV3-AS1
Deletion,1q21.3,IPO9-AS1
Deletion,1q21.3,KCNC4-AS1
Deletion,1q21.3,CHRM3-AS1
Deletion,1q21.3,KCND3-AS1
Deletion,1q21.3,FALEC
Deletion,1q21.3,UBE2Q1-AS1
Deletion,1q21.3,HAO2-IT1
Deletion,1q21.3,ERI3-IT1
Deletion,1q21.3,DNM3-IT1
Deletion,1q21.3,KCND3-IT1
Deletion,1q21.3,AGBL4-IT1
Deletion,1q21.3,FOXD3-AS1
Deletion,1q21.3,NFIA-AS2
Deletion,1q21.3,SRGAP2D
Deletion,1q21.3,LAMTOR5-AS1
Deletion,1q21.3,BLACAT1
Deletion,1q21.3,DAB1-AS1
Deletion,1q21.3,ROR1-AS1
Deletion,1q21.3,DEPDC1-AS1
Deletion,1q21.3,ERICH3-AS1
Deletion,1q21.3,GBAT2
Deletion,1q21.3,PKN2-AS1
Deletion,1q21.3,UBXN10-AS1
Deletion,1q21.3,HIPK1-AS1
Deletion,1q21.3,NBPF25P
Deletion,1q21.3,TTC39A-AS1
Deletion,1q21.3,CH17-408M7.1
Deletion,1q21.3,TGFB2-OT1
Deletion,1q21.3,SPATA17-AS1
Deletion,1q21.3,PACERR
Deletion,1q21.3,TXNDC12-AS1
Deletion,1q21.3,DISC1-IT1
Deletion,1q21.3,WARS2-IT1
Deletion,1q21.3,POP3
Deletion,7q11.22,CCT6A
Deletion,7q11.22,CLDN4
Deletion,7q11.22,CLDN3
Deletion,7q11.22,EGFR
Deletion,7q11.22,ELN
Deletion,7q11.22,ERV3-1
Deletion,7q11.22,GBAS
Deletion,7q11.22,GTF2I
Deletion,7q11.22,GTF2IP1
Deletion,7q11.22,GUSB
Deletion,7q11.22,HIP1
Deletion,7q11.22,HPVC1
Deletion,7q11.22,HSPB1
Deletion,7q11.22,LIMK1
Deletion,7q11.22,MDH2
Deletion,7q11.22,PHKG1
Deletion,7q11.22,PMS2P2
Deletion,7q11.22,PMS2P4
Deletion,7q11.22,PMS2P5
Deletion,7q11.22,PMS2P3
Deletion,7q11.22,POR
Deletion,7q11.22,PSPH
Deletion,7q11.22,PTPN12
Deletion,7q11.22,RFC2
Deletion,7q11.22,CCL24
Deletion,7q11.22,STX1A
Deletion,7q11.22,EIF4H
Deletion,7q11.22,CLIP2
Deletion,7q11.22,LAT2
Deletion,7q11.22,YWHAG
Deletion,7q11.22,ZNF138
Deletion,7q11.22,ZP3
Deletion,7q11.22,FZD9
Deletion,7q11.22,TPST1
Deletion,7q11.22,FKBP6
Deletion,7q11.22,BAZ1B
Deletion,7q11.22,BCL7B
Deletion,7q11.22,GTF2IRD1
Deletion,7q11.22,MAGI2
Deletion,7q11.22,POM121
Deletion,7q11.22,CCL26
Deletion,7q11.22,ZNF273
Deletion,7q11.22,FGL2
Deletion,7q11.22,POMZP3
Deletion,7q11.22,SEC61G
Deletion,7q11.22,SUMF2
Deletion,7q11.22,AUTS2
Deletion,7q11.22,TBL2
Deletion,7q11.22,CRCP
Deletion,7q11.22,RABGEF1
Deletion,7q11.22,MLXIPL
Deletion,7q11.22,SBDS
Deletion,7q11.22,CHCHD2
Deletion,7q11.22,ZNF117
Deletion,7q11.22,MRPS17
Deletion,7q11.22,ZNF107
Deletion,7q11.22,STYXL1
Deletion,7q11.22,GSAP
Deletion,7q11.22,STAG3L1
Deletion,7q11.22,TMEM248
Deletion,7q11.22,TYW1
Deletion,7q11.22,NSUN5
Deletion,7q11.22,LANCL2
Deletion,7q11.22,PHTF2
Deletion,7q11.22,RHBDD2
Deletion,7q11.22,CCDC146
Deletion,7q11.22,WBSCR17
Deletion,7q11.22,STAG3L4
Deletion,7q11.22,UPK3B
Deletion,7q11.22,VOPP1
Deletion,7q11.22,RCC1L
Deletion,7q11.22,ABHD11
Deletion,7q11.22,CALN1
Deletion,7q11.22,TMEM120A
Deletion,7q11.22,GTF2IRD2
Deletion,7q11.22,DNAJC30
Deletion,7q11.22,TMEM60
Deletion,7q11.22,ZNF479
Deletion,7q11.22,DTX2
Deletion,7q11.22,WBSCR22
Deletion,7q11.22,WBSCR28
Deletion,7q11.22,TRIM50
Deletion,7q11.22,SSC4D
Deletion,7q11.22,VKORC1L1
Deletion,7q11.22,KCTD7
Deletion,7q11.22,WBSCR27
Deletion,7q11.22,SBDSP1
Deletion,7q11.22,VPS37D
Deletion,7q11.22,NSUN5P1
Deletion,7q11.22,ZNF92
Deletion,7q11.22,ZNF679
Deletion,7q11.22,ABHD11-AS1
Deletion,7q11.22,VSTM2A
Deletion,7q11.22,DKFZp434L192
Deletion,7q11.22,SRRM3
Deletion,7q11.22,RSBN1L
Deletion,7q11.22,NSUN5P2
Deletion,7q11.22,POM121L12
Deletion,7q11.22,VSTM2A-OT1
Deletion,7q11.22,ZNF680
Deletion,7q11.22,SEPT14
Deletion,7q11.22,ZNF713
Deletion,7q11.22,FKBP9P1
Deletion,7q11.22,TRIM73
Deletion,7q11.22,TRIM74
Deletion,7q11.22,NUPR2
Deletion,7q11.22,GTF2IRD2B
Deletion,7q11.22,RPL13AP17
Deletion,7q11.22,ZNF716
Deletion,7q11.22,TYW1B
Deletion,7q11.22,SPDYE7P
Deletion,7q11.22,DTX2P1-UPK3BP1-PMS2P11
Deletion,7q11.22,ZNF727
Deletion,7q11.22,STAG3L3
Deletion,7q11.22,STAG3L2
Deletion,7q11.22,SPDYE5
Deletion,7q11.22,GS1-124K5.11
Deletion,7q11.22,FDPSP2
Deletion,7q11.22,GUSBP10
Deletion,7q11.22,CCT6P3
Deletion,7q11.22,CCT6P1
Deletion,7q11.22,ZNF733P
Deletion,7q11.22,INTS4P2
Deletion,7q11.22,YWHAEP1
Deletion,7q11.22,NCF1
Deletion,7q11.22,NCF1B
Deletion,7q11.22,NCF1C
Deletion,7q11.22,SPDYE8P
Deletion,7q11.22,ZNF736
Deletion,7q11.22,GTF2IRD1P1
Deletion,7q11.22,GATSL2
Deletion,7q11.22,ZNF735
Deletion,7q11.22,GTF2IP4
Deletion,7q11.22,POM121C
Deletion,7q11.22,PMS2P7
Deletion,7q11.22,PMS2P9
Deletion,7q11.22,GS1-124K5.4
Deletion,7q11.22,APTR
Deletion,7q11.22,MAGI2-AS3
Deletion,7q11.22,EGFR-AS1
Deletion,7q11.22,MAGI2-AS2
Deletion,7q11.22,GTF2IP7
Deletion,7q11.22,GTF2IP23
Deletion,7q11.22,ELDR
Deletion,2q37.3,KIF1A
Deletion,2q37.3,BOK
Deletion,2q37.3,COL6A3
Deletion,2q37.3,DTYMK
Deletion,2q37.3,GBX2
Deletion,2q37.3,GPC1
Deletion,2q37.3,GPR35
Deletion,2q37.3,HDLBP
Deletion,2q37.3,INPP5D
Deletion,2q37.3,NDUFA10
Deletion,2q37.3,SEPT2
Deletion,2q37.3,NEU2
Deletion,2q37.3,PDCD1
Deletion,2q37.3,PPP1R7
Deletion,2q37.3,SAG
Deletion,2q37.3,SPP2
Deletion,2q37.3,DGKD
Deletion,2q37.3,PER2
Deletion,2q37.3,LRRFIP1
Deletion,2q37.3,HDAC4
Deletion,2q37.3,FARP2
Deletion,2q37.3,ARL4C
Deletion,2q37.3,RAMP1
Deletion,2q37.3,STK25
Deletion,2q37.3,COPS8
Deletion,2q37.3,CAPN10
Deletion,2q37.3,PASK
Deletion,2q37.3,ATG4B
Deletion,2q37.3,SH3BP4
Deletion,2q37.3,NGEF
Deletion,2q37.3,SNED1
Deletion,2q37.3,TRAF3IP1
Deletion,2q37.3,ANO7
Deletion,2q37.3,PRLH
Deletion,2q37.3,THAP4
Deletion,2q37.3,ANKMY1
Deletion,2q37.3,SCLY
Deletion,2q37.3,ASB1
Deletion,2q37.3,UGT1A10
Deletion,2q37.3,UGT1A8
Deletion,2q37.3,UGT1A7
Deletion,2q37.3,UGT1A6
Deletion,2q37.3,UGT1A5
Deletion,2q37.3,UGT1A9
Deletion,2q37.3,UGT1A4
Deletion,2q37.3,UGT1A1
Deletion,2q37.3,UGT1A3
Deletion,2q37.3,ATG16L1
Deletion,2q37.3,USP40
Deletion,2q37.3,HJURP
Deletion,2q37.3,HES6
Deletion,2q37.3,ACKR3
Deletion,2q37.3,RNPEPL1
Deletion,2q37.3,GAL3ST2
Deletion,2q37.3,RAB17
Deletion,2q37.3,TRPM8
Deletion,2q37.3,MLPH
Deletion,2q37.3,IQCA1
Deletion,2q37.3,C2orf54
Deletion,2q37.3,ILKAP
Deletion,2q37.3,ING5
Deletion,2q37.3,MGC16025
Deletion,2q37.3,AGAP1
Deletion,2q37.3,TWIST2
Deletion,2q37.3,NEU4
Deletion,2q37.3,MTERF4
Deletion,2q37.3,UBE2F
Deletion,2q37.3,OTOS
Deletion,2q37.3,COPS9
Deletion,2q37.3,OR6B3
Deletion,2q37.3,ERFE
Deletion,2q37.3,MSL3P1
Deletion,2q37.3,RTP5
Deletion,2q37.3,DUSP28
Deletion,2q37.3,MROH2A
Deletion,2q37.3,ESPNL
Deletion,2q37.3,RBM44
Deletion,2q37.3,AQP12A
Deletion,2q37.3,KLHL30
Deletion,2q37.3,C2orf82
Deletion,2q37.3,OR6B2
Deletion,2q37.3,ASB18
Deletion,2q37.3,FLJ43879
Deletion,2q37.3,DNAJB3
Deletion,2q37.3,AQP12B
Deletion,2q37.3,D2HGDH
Deletion,2q37.3,PP14571
Deletion,2q37.3,BOK-AS1
Deletion,2q37.3,AGAP1-IT1
Deletion,2q37.3,UBE2F-SCLY
Deletion,2q37.3,CAPN10-AS1
