gene	n_patients_altered	freq_pct	n_gain	n_loss	patients	in_ptcl_list	in_cbioportal_cna	in_cbioportal_mut	evidence_tier
AXL	16	80	1	15	B1_S01, B1_S02, B1_S05, B2_S01, B2_S02, B2_S03, B2_S05, B2_S07, B2_S12, B2_S15, B2_S16, B3_S01, B3_S04, B3_S05, B3_S08, B3_S09	FALSE	FALSE	TRUE	Tier 3 (cBioPortal mutated)
CD79A	16	80	1	15	B1_S01, B1_S02, B1_S05, B2_S01, B2_S02, B2_S03, B2_S05, B2_S07, B2_S12, B2_S15, B2_S16, B3_S01, B3_S04, B3_S05, B3_S08, B3_S09	FALSE	FALSE	TRUE	Tier 3 (cBioPortal mutated)
DOT1L	16	80	2	14	B1_S01, B1_S02, B1_S05, B2_S01, B2_S02, B2_S03, B2_S04, B2_S05, B2_S07, B2_S08, B2_S12, B2_S15, B3_S01, B3_S04, B3_S08, B3_S09	FALSE	TRUE	TRUE	Tier 2 (cBioPortal CNA)
GNA11	16	80	2	14	B1_S01, B1_S02, B1_S05, B2_S01, B2_S02, B2_S03, B2_S04, B2_S05, B2_S07, B2_S08, B2_S12, B2_S15, B3_S01, B3_S04, B3_S08, B3_S09	FALSE	TRUE	FALSE	Tier 2 (cBioPortal CNA)
STK11	16	80	2	14	B1_S01, B1_S02, B1_S05, B2_S01, B2_S02, B2_S03, B2_S04, B2_S05, B2_S07, B2_S08, B2_S12, B2_S15, B3_S01, B3_S04, B3_S08, B3_S09	FALSE	TRUE	FALSE	Tier 2 (cBioPortal CNA)
CIC	15	75	1	14	B1_S01, B1_S02, B1_S05, B2_S01, B2_S02, B2_S03, B2_S05, B2_S07, B2_S12, B2_S15, B3_S01, B3_S04, B3_S05, B3_S08, B3_S09	FALSE	TRUE	TRUE	Tier 2 (cBioPortal CNA)
ERCC2	15	75	1	14	B1_S01, B1_S02, B1_S05, B2_S01, B2_S02, B2_S03, B2_S05, B2_S07, B2_S12, B2_S15, B3_S01, B3_S04, B3_S05, B3_S08, B3_S09	FALSE	FALSE	TRUE	Tier 3 (cBioPortal mutated)
PPP2R1A	15	75	2	13	B1_S01, B1_S02, B1_S05, B2_S01, B2_S02, B2_S03, B2_S05, B2_S07, B2_S12, B2_S15, B3_S01, B3_S04, B3_S05, B3_S08, B3_S09	FALSE	FALSE	TRUE	Tier 3 (cBioPortal mutated)
PTPRS	15	75	2	13	B1_S01, B1_S02, B1_S05, B2_S01, B2_S02, B2_S03, B2_S04, B2_S05, B2_S07, B2_S08, B2_S12, B2_S15, B3_S01, B3_S04, B3_S09	FALSE	FALSE	TRUE	Tier 3 (cBioPortal mutated)
VAV1	15	75	2	13	B1_S01, B1_S02, B1_S05, B2_S01, B2_S02, B2_S03, B2_S04, B2_S05, B2_S07, B2_S08, B2_S12, B2_S15, B3_S01, B3_S04, B3_S09	TRUE	TRUE	TRUE	Tier 1 (PTCL gene list)
BRD4	14	70	2	12	B1_S01, B1_S02, B1_S05, B2_S01, B2_S02, B2_S03, B2_S05, B2_S07, B2_S08, B2_S12, B2_S15, B3_S01, B3_S04, B3_S09	FALSE	FALSE	TRUE	Tier 3 (cBioPortal mutated)
CALR	14	70	2	12	B1_S01, B1_S02, B1_S05, B2_S01, B2_S02, B2_S03, B2_S05, B2_S07, B2_S08, B2_S12, B2_S15, B3_S01, B3_S04, B3_S09	FALSE	FALSE	TRUE	Tier 3 (cBioPortal mutated)
FAT1	14	70	2	12	B1_S02, B1_S05, B2_S01, B2_S02, B2_S03, B2_S05, B2_S06, B2_S08, B2_S12, B2_S15, B2_S16, B3_S01, B3_S04, B3_S05	TRUE	FALSE	TRUE	Tier 1 (PTCL gene list)
JAK3	14	70	2	12	B1_S01, B1_S02, B1_S05, B2_S01, B2_S02, B2_S03, B2_S05, B2_S07, B2_S08, B2_S12, B2_S15, B3_S01, B3_S04, B3_S09	TRUE	FALSE	TRUE	Tier 1 (PTCL gene list)
KEAP1	14	70	2	12	B1_S01, B1_S02, B1_S05, B2_S01, B2_S02, B2_S03, B2_S05, B2_S07, B2_S08, B2_S12, B2_S15, B3_S01, B3_S04, B3_S09	FALSE	FALSE	TRUE	Tier 3 (cBioPortal mutated)
MTOR	14	70	12	2	B1_S01, B1_S02, B1_S05, B2_S02, B2_S03, B2_S04, B2_S05, B2_S07, B2_S12, B2_S15, B3_S01, B3_S04, B3_S05, B3_S08	FALSE	FALSE	TRUE	Tier 3 (cBioPortal mutated)
NOTCH3	14	70	2	12	B1_S01, B1_S02, B1_S05, B2_S01, B2_S02, B2_S03, B2_S05, B2_S07, B2_S08, B2_S12, B2_S15, B3_S01, B3_S04, B3_S09	TRUE	FALSE	TRUE	Tier 1 (PTCL gene list)
SMARCA4	14	70	2	12	B1_S01, B1_S02, B1_S05, B2_S01, B2_S02, B2_S03, B2_S05, B2_S07, B2_S08, B2_S12, B2_S15, B3_S01, B3_S04, B3_S09	FALSE	TRUE	TRUE	Tier 2 (cBioPortal CNA)
ARID1A	13	65	8	5	B1_S01, B1_S02, B1_S05, B2_S02, B2_S03, B2_S04, B2_S07, B2_S12, B2_S15, B2_S16, B3_S01, B3_S04, B3_S05	TRUE	FALSE	TRUE	Tier 1 (PTCL gene list)
CHEK1	13	65	12	1	B1_S01, B1_S02, B1_S05, B2_S01, B2_S03, B2_S04, B2_S07, B2_S12, B2_S15, B2_S16, B3_S01, B3_S04, B3_S05	FALSE	FALSE	TRUE	Tier 3 (cBioPortal mutated)
PIK3R2	13	65	1	12	B1_S01, B1_S02, B1_S05, B2_S01, B2_S02, B2_S03, B2_S05, B2_S07, B2_S08, B2_S12, B2_S15, B3_S01, B3_S04	FALSE	FALSE	TRUE	Tier 3 (cBioPortal mutated)
SPEN	13	65	11	2	B1_S01, B1_S02, B1_S05, B2_S02, B2_S03, B2_S04, B2_S05, B2_S07, B2_S12, B2_S15, B3_S01, B3_S04, B3_S05	FALSE	FALSE	TRUE	Tier 3 (cBioPortal mutated)
YTHDF2	13	65	7	6	B1_S01, B1_S02, B1_S05, B2_S02, B2_S03, B2_S06, B2_S07, B2_S12, B2_S15, B2_S16, B3_S01, B3_S04, B3_S05	TRUE	FALSE	FALSE	Tier 1 (PTCL gene list)
AKT3	12	60	5	7	B1_S01, B1_S05, B2_S02, B2_S03, B2_S04, B2_S05, B2_S07, B2_S08, B2_S12, B2_S15, B3_S04, B3_S05	FALSE	TRUE	FALSE	Tier 2 (cBioPortal CNA)
ALOX12B	12	60	1	11	B1_S02, B1_S05, B2_S01, B2_S02, B2_S03, B2_S04, B2_S08, B2_S15, B2_S16, B3_S01, B3_S04, B3_S08	FALSE	TRUE	TRUE	Tier 2 (cBioPortal CNA)
AURKB	12	60	1	11	B1_S02, B1_S05, B2_S01, B2_S02, B2_S03, B2_S04, B2_S08, B2_S15, B2_S16, B3_S01, B3_S04, B3_S08	FALSE	TRUE	FALSE	Tier 2 (cBioPortal CNA)
CDC73	12	60	10	2	B1_S01, B1_S02, B2_S02, B2_S03, B2_S04, B2_S05, B2_S07, B2_S08, B2_S12, B2_S15, B3_S04, B3_S05	FALSE	FALSE	TRUE	Tier 3 (cBioPortal mutated)
CHEK2	12	60	11	1	B1_S01, B1_S02, B1_S05, B2_S02, B2_S05, B2_S06, B2_S08, B2_S12, B2_S15, B3_S01, B3_S04, B3_S05	FALSE	TRUE	FALSE	Tier 2 (cBioPortal CNA)
EP300	12	60	11	1	B1_S01, B1_S02, B1_S05, B2_S02, B2_S05, B2_S06, B2_S08, B2_S12, B2_S15, B3_S01, B3_S04, B3_S05	TRUE	TRUE	TRUE	Tier 1 (PTCL gene list)
FLCN	12	60	3	9	B1_S02, B1_S05, B2_S01, B2_S02, B2_S03, B2_S04, B2_S08, B2_S15, B2_S16, B3_S01, B3_S04, B3_S08	FALSE	TRUE	FALSE	Tier 2 (cBioPortal CNA)
H3-4	12	60	8	4	B1_S01, B1_S05, B2_S02, B2_S03, B2_S04, B2_S05, B2_S07, B2_S08, B2_S12, B2_S15, B3_S04, B3_S05	FALSE	FALSE	TRUE	Tier 3 (cBioPortal mutated)
LCK	12	60	7	5	B1_S01, B1_S02, B1_S05, B2_S02, B2_S03, B2_S06, B2_S07, B2_S12, B2_S15, B3_S01, B3_S04, B3_S05	TRUE	FALSE	TRUE	Tier 1 (PTCL gene list)
MAPK1	12	60	11	1	B1_S01, B1_S02, B1_S05, B2_S02, B2_S05, B2_S06, B2_S08, B2_S12, B2_S15, B3_S01, B3_S04, B3_S05	FALSE	FALSE	TRUE	Tier 3 (cBioPortal mutated)
NF2	12	60	11	1	B1_S01, B1_S02, B1_S05, B2_S02, B2_S05, B2_S06, B2_S08, B2_S12, B2_S15, B3_S01, B3_S04, B3_S05	FALSE	TRUE	FALSE	Tier 2 (cBioPortal CNA)
PARP1	12	60	8	4	B1_S01, B1_S05, B2_S02, B2_S03, B2_S04, B2_S05, B2_S07, B2_S08, B2_S12, B2_S15, B3_S04, B3_S05	FALSE	FALSE	TRUE	Tier 3 (cBioPortal mutated)
TP53	12	60	1	11	B1_S02, B1_S05, B2_S01, B2_S02, B2_S03, B2_S04, B2_S08, B2_S15, B2_S16, B3_S01, B3_S04, B3_S08	TRUE	TRUE	TRUE	Tier 1 (PTCL gene list)
XBP1	12	60	11	1	B1_S01, B1_S02, B1_S05, B2_S02, B2_S05, B2_S06, B2_S08, B2_S12, B2_S15, B3_S01, B3_S04, B3_S05	FALSE	TRUE	FALSE	Tier 2 (cBioPortal CNA)
CDK12	11	55	6	5	B1_S02, B1_S05, B2_S01, B2_S02, B2_S03, B2_S04, B2_S08, B2_S15, B2_S16, B3_S01, B3_S04	FALSE	FALSE	TRUE	Tier 3 (cBioPortal mutated)
ERBB2	11	55	6	5	B1_S02, B1_S05, B2_S01, B2_S02, B2_S03, B2_S04, B2_S08, B2_S15, B2_S16, B3_S01, B3_S04	FALSE	TRUE	FALSE	Tier 2 (cBioPortal CNA)
IKZF3	11	55	6	5	B1_S02, B1_S05, B2_S01, B2_S02, B2_S03, B2_S04, B2_S08, B2_S15, B2_S16, B3_S01, B3_S04	FALSE	TRUE	TRUE	Tier 2 (cBioPortal CNA)
NCOR1	11	55	2	9	B1_S02, B1_S05, B2_S01, B2_S02, B2_S03, B2_S04, B2_S15, B2_S16, B3_S01, B3_S04, B3_S08	FALSE	TRUE	TRUE	Tier 2 (cBioPortal CNA)
NF1	11	55	6	5	B1_S02, B1_S05, B2_S01, B2_S02, B2_S03, B2_S04, B2_S08, B2_S15, B2_S16, B3_S01, B3_S04	FALSE	FALSE	TRUE	Tier 3 (cBioPortal mutated)
RARA	11	55	6	5	B1_S02, B1_S05, B2_S01, B2_S02, B2_S03, B2_S04, B2_S08, B2_S15, B2_S16, B3_S01, B3_S04	FALSE	FALSE	TRUE	Tier 3 (cBioPortal mutated)
STAT3	11	55	6	5	B1_S02, B1_S05, B2_S01, B2_S02, B2_S03, B2_S04, B2_S08, B2_S15, B2_S16, B3_S01, B3_S04	TRUE	FALSE	TRUE	Tier 1 (PTCL gene list)
STAT5B	11	55	6	5	B1_S02, B1_S05, B2_S01, B2_S02, B2_S03, B2_S04, B2_S08, B2_S15, B2_S16, B3_S01, B3_S04	TRUE	FALSE	TRUE	Tier 1 (PTCL gene list)
ABL1	10	50	8	2	B2_S01, B2_S04, B2_S07, B2_S08, B2_S12, B2_S15, B2_S16, B3_S01, B3_S05, B3_S09	FALSE	FALSE	TRUE	Tier 3 (cBioPortal mutated)
APC	10	50	8	2	B1_S02, B1_S05, B2_S02, B2_S04, B2_S05, B2_S06, B2_S08, B2_S12, B2_S15, B3_S06	FALSE	FALSE	TRUE	Tier 3 (cBioPortal mutated)
ERG	10	50	8	2	B1_S02, B2_S02, B2_S04, B2_S05, B2_S06, B2_S12, B2_S15, B2_S16, B3_S06, B3_S08	FALSE	TRUE	TRUE	Tier 2 (cBioPortal CNA)
FANCC	10	50	6	4	B2_S01, B2_S04, B2_S07, B2_S08, B2_S12, B2_S15, B2_S16, B3_S01, B3_S05, B3_S09	FALSE	TRUE	FALSE	Tier 2 (cBioPortal CNA)
FGFR4	10	50	9	1	B1_S02, B1_S05, B2_S02, B2_S04, B2_S06, B2_S07, B2_S08, B2_S12, B2_S15, B3_S06	FALSE	FALSE	TRUE	Tier 3 (cBioPortal mutated)
FLT4	10	50	9	1	B1_S02, B1_S05, B2_S02, B2_S04, B2_S06, B2_S07, B2_S08, B2_S12, B2_S15, B3_S06	FALSE	FALSE	TRUE	Tier 3 (cBioPortal mutated)
GNAQ	10	50	6	4	B2_S01, B2_S04, B2_S07, B2_S08, B2_S12, B2_S15, B2_S16, B3_S01, B3_S05, B3_S09	FALSE	TRUE	FALSE	Tier 2 (cBioPortal CNA)
MYCL	10	50	7	3	B1_S01, B1_S02, B1_S05, B2_S02, B2_S03, B2_S12, B2_S15, B3_S01, B3_S04, B3_S05	FALSE	FALSE	TRUE	Tier 3 (cBioPortal mutated)
NOTCH1	10	50	8	2	B2_S01, B2_S04, B2_S07, B2_S08, B2_S12, B2_S15, B2_S16, B3_S01, B3_S05, B3_S09	TRUE	FALSE	TRUE	Tier 1 (PTCL gene list)
NSD1	10	50	9	1	B1_S02, B1_S05, B2_S02, B2_S04, B2_S06, B2_S07, B2_S08, B2_S12, B2_S15, B3_S06	FALSE	FALSE	TRUE	Tier 3 (cBioPortal mutated)
NTRK1	10	50	8	2	B1_S01, B1_S02, B2_S02, B2_S03, B2_S04, B2_S07, B2_S08, B2_S15, B3_S04, B3_S05	FALSE	TRUE	FALSE	Tier 2 (cBioPortal CNA)
NTRK2	10	50	6	4	B2_S01, B2_S04, B2_S07, B2_S08, B2_S12, B2_S15, B2_S16, B3_S01, B3_S05, B3_S09	FALSE	TRUE	TRUE	Tier 2 (cBioPortal CNA)
PTCH1	10	50	6	4	B2_S01, B2_S04, B2_S07, B2_S08, B2_S12, B2_S15, B2_S16, B3_S01, B3_S05, B3_S09	FALSE	TRUE	TRUE	Tier 2 (cBioPortal CNA)
RUNX1	10	50	8	2	B1_S02, B2_S02, B2_S04, B2_S05, B2_S06, B2_S12, B2_S15, B2_S16, B3_S06, B3_S08	FALSE	TRUE	FALSE	Tier 2 (cBioPortal CNA)
SETD4	10	50	8	2	B1_S02, B2_S02, B2_S04, B2_S05, B2_S06, B2_S12, B2_S15, B2_S16, B3_S06, B3_S08	FALSE	TRUE	FALSE	Tier 2 (cBioPortal CNA)
SYK	10	50	7	3	B2_S01, B2_S04, B2_S07, B2_S08, B2_S12, B2_S15, B2_S16, B3_S01, B3_S05, B3_S09	TRUE	TRUE	FALSE	Tier 1 (PTCL gene list)
U2AF1	10	50	8	2	B1_S02, B2_S02, B2_S04, B2_S05, B2_S06, B2_S12, B2_S15, B2_S16, B3_S06, B3_S08	FALSE	TRUE	FALSE	Tier 2 (cBioPortal CNA)
ACTG1	9	45	5	4	B1_S02, B1_S05, B2_S01, B2_S02, B2_S08, B2_S15, B2_S16, B3_S01, B3_S04	FALSE	FALSE	TRUE	Tier 3 (cBioPortal mutated)
ARHGEF28	9	45	8	1	B1_S02, B1_S05, B2_S02, B2_S04, B2_S05, B2_S06, B2_S08, B2_S15, B3_S06	FALSE	FALSE	TRUE	Tier 3 (cBioPortal mutated)
ATM	9	45	8	1	B1_S01, B2_S01, B2_S04, B2_S07, B2_S12, B2_S15, B2_S16, B3_S04, B3_S05	TRUE	TRUE	TRUE	Tier 1 (PTCL gene list)
BCL2	9	45	6	3	B1_S01, B2_S01, B2_S03, B2_S07, B2_S12, B2_S15, B2_S16, B3_S08, B3_S09	TRUE	FALSE	FALSE	Tier 1 (PTCL gene list)
BIRC3	9	45	8	1	B1_S01, B2_S01, B2_S04, B2_S07, B2_S12, B2_S15, B2_S16, B3_S04, B3_S05	FALSE	FALSE	TRUE	Tier 3 (cBioPortal mutated)
CDKN2C	9	45	8	1	B1_S01, B1_S02, B1_S05, B2_S02, B2_S03, B2_S15, B3_S01, B3_S04, B3_S05	FALSE	FALSE	TRUE	Tier 3 (cBioPortal mutated)
FOXO3	9	45	1	8	B1_S05, B2_S03, B2_S04, B2_S05, B2_S08, B2_S12, B2_S16, B3_S01, B3_S08	TRUE	FALSE	FALSE	Tier 1 (PTCL gene list)
FYN	9	45	1	8	B1_S05, B2_S03, B2_S04, B2_S05, B2_S08, B2_S12, B2_S16, B3_S01, B3_S08	TRUE	FALSE	TRUE	Tier 1 (PTCL gene list)
GATA3	9	45	3	6	B2_S01, B2_S02, B2_S03, B2_S04, B2_S05, B2_S08, B2_S15, B2_S16, B3_S08	TRUE	TRUE	TRUE	Tier 1 (PTCL gene list)
MAP3K1	9	45	9	0	B1_S02, B1_S05, B2_S02, B2_S04, B2_S05, B2_S06, B2_S08, B2_S15, B3_S06	FALSE	FALSE	TRUE	Tier 3 (cBioPortal mutated)
MRE11	9	45	8	1	B1_S01, B2_S01, B2_S04, B2_S07, B2_S12, B2_S15, B2_S16, B3_S04, B3_S05	FALSE	FALSE	TRUE	Tier 3 (cBioPortal mutated)
PDGFRB	9	45	8	1	B1_S02, B1_S05, B2_S02, B2_S04, B2_S06, B2_S08, B2_S12, B2_S15, B3_S06	FALSE	FALSE	TRUE	Tier 3 (cBioPortal mutated)
PIK3R1	9	45	8	1	B1_S02, B1_S05, B2_S02, B2_S04, B2_S05, B2_S06, B2_S08, B2_S15, B3_S06	FALSE	FALSE	TRUE	Tier 3 (cBioPortal mutated)
PRDM1	9	45	1	8	B1_S05, B2_S03, B2_S04, B2_S05, B2_S08, B2_S12, B2_S16, B3_S01, B3_S08	TRUE	FALSE	TRUE	Tier 1 (PTCL gene list)
RAD50	9	45	8	1	B1_S02, B1_S05, B2_S02, B2_S04, B2_S06, B2_S08, B2_S12, B2_S15, B3_S06	FALSE	FALSE	TRUE	Tier 3 (cBioPortal mutated)
REL	9	45	7	2	B1_S05, B2_S04, B2_S05, B2_S08, B2_S12, B2_S15, B3_S01, B3_S08, B3_S09	FALSE	TRUE	FALSE	Tier 2 (cBioPortal CNA)
RPTOR	9	45	5	4	B1_S02, B1_S05, B2_S01, B2_S02, B2_S08, B2_S15, B2_S16, B3_S01, B3_S04	FALSE	FALSE	TRUE	Tier 3 (cBioPortal mutated)
SETBP1	9	45	6	3	B1_S01, B2_S01, B2_S03, B2_S04, B2_S12, B2_S15, B2_S16, B3_S08, B3_S09	FALSE	FALSE	TRUE	Tier 3 (cBioPortal mutated)
SRSF2	9	45	5	4	B1_S02, B1_S05, B2_S01, B2_S02, B2_S08, B2_S15, B2_S16, B3_S01, B3_S04	FALSE	FALSE	TRUE	Tier 3 (cBioPortal mutated)
AKT1	8	40	7	1	B1_S01, B2_S03, B2_S04, B2_S05, B2_S15, B3_S01, B3_S05, B3_S09	FALSE	FALSE	TRUE	Tier 3 (cBioPortal mutated)
ALK	8	40	6	2	B1_S05, B2_S04, B2_S08, B2_S12, B2_S15, B3_S01, B3_S08, B3_S09	TRUE	FALSE	TRUE	Tier 1 (PTCL gene list)
ASXL2	8	40	6	2	B1_S05, B2_S04, B2_S08, B2_S12, B2_S15, B3_S01, B3_S08, B3_S09	FALSE	FALSE	TRUE	Tier 3 (cBioPortal mutated)
BAP1	8	40	4	4	B1_S01, B2_S03, B2_S04, B2_S05, B2_S15, B3_S04, B3_S05, B3_S09	FALSE	TRUE	FALSE	Tier 2 (cBioPortal CNA)
BCL11B	8	40	7	1	B1_S01, B2_S03, B2_S04, B2_S05, B2_S15, B3_S01, B3_S05, B3_S09	FALSE	FALSE	TRUE	Tier 3 (cBioPortal mutated)
CCR4	8	40	5	3	B1_S01, B2_S03, B2_S04, B2_S05, B2_S12, B2_S15, B3_S05, B3_S09	TRUE	FALSE	FALSE	Tier 1 (PTCL gene list)
CD274	8	40	6	2	B2_S01, B2_S04, B2_S07, B2_S08, B2_S12, B2_S15, B3_S01, B3_S05	TRUE	FALSE	TRUE	Tier 1 (PTCL gene list)
CD58	8	40	4	4	B1_S01, B1_S02, B2_S02, B2_S05, B2_S08, B2_S15, B3_S05, B3_S06	TRUE	FALSE	TRUE	Tier 1 (PTCL gene list)
CTNNB1	8	40	5	3	B1_S01, B2_S03, B2_S04, B2_S05, B2_S12, B2_S15, B3_S05, B3_S09	FALSE	FALSE	TRUE	Tier 3 (cBioPortal mutated)
DNMT3A	8	40	6	2	B1_S05, B2_S04, B2_S08, B2_S12, B2_S15, B3_S01, B3_S08, B3_S09	TRUE	FALSE	TRUE	Tier 1 (PTCL gene list)
EPHA7	8	40	1	7	B1_S05, B2_S03, B2_S04, B2_S05, B2_S08, B2_S12, B2_S16, B3_S08	FALSE	TRUE	TRUE	Tier 2 (cBioPortal CNA)
EPHB1	8	40	4	4	B1_S01, B2_S03, B2_S04, B2_S05, B2_S12, B2_S16, B3_S05, B3_S09	FALSE	FALSE	TRUE	Tier 3 (cBioPortal mutated)
FBXO11	8	40	6	2	B1_S05, B2_S04, B2_S08, B2_S12, B2_S15, B3_S01, B3_S08, B3_S09	FALSE	FALSE	TRUE	Tier 3 (cBioPortal mutated)
MLH1	8	40	5	3	B1_S01, B2_S03, B2_S04, B2_S05, B2_S12, B2_S15, B3_S05, B3_S09	FALSE	FALSE	TRUE	Tier 3 (cBioPortal mutated)
MSH6	8	40	6	2	B1_S05, B2_S04, B2_S08, B2_S12, B2_S15, B3_S01, B3_S08, B3_S09	FALSE	FALSE	TRUE	Tier 3 (cBioPortal mutated)
MYC	8	40	7	1	B1_S01, B2_S01, B2_S03, B2_S04, B2_S07, B2_S12, B2_S16, B3_S01	TRUE	FALSE	FALSE	Tier 1 (PTCL gene list)
MYCN	8	40	6	2	B1_S05, B2_S04, B2_S08, B2_S12, B2_S15, B3_S01, B3_S08, B3_S09	FALSE	FALSE	TRUE	Tier 3 (cBioPortal mutated)
NOTCH2	8	40	4	4	B1_S01, B1_S02, B2_S02, B2_S05, B2_S08, B2_S15, B3_S05, B3_S06	FALSE	FALSE	TRUE	Tier 3 (cBioPortal mutated)
PAX5	8	40	6	3	B2_S01, B2_S04, B2_S07, B2_S08, B2_S12, B2_S15, B3_S01, B3_S05	FALSE	FALSE	TRUE	Tier 3 (cBioPortal mutated)
PBRM1	8	40	4	4	B1_S01, B2_S03, B2_S04, B2_S05, B2_S15, B3_S04, B3_S05, B3_S09	FALSE	TRUE	TRUE	Tier 2 (cBioPortal CNA)
PCBP1	8	40	6	2	B1_S05, B2_S04, B2_S08, B2_S12, B2_S15, B3_S01, B3_S08, B3_S09	FALSE	FALSE	TRUE	Tier 3 (cBioPortal mutated)
PIK3C3	8	40	5	3	B1_S01, B2_S03, B2_S04, B2_S12, B2_S15, B2_S16, B3_S08, B3_S09	FALSE	FALSE	TRUE	Tier 3 (cBioPortal mutated)
RHOA	8	40	4	4	B1_S01, B2_S03, B2_S04, B2_S05, B2_S15, B3_S04, B3_S05, B3_S09	TRUE	TRUE	TRUE	Tier 1 (PTCL gene list)
RICTOR	8	40	8	0	B1_S02, B1_S05, B2_S02, B2_S05, B2_S06, B2_S08, B2_S15, B3_S06	FALSE	FALSE	TRUE	Tier 3 (cBioPortal mutated)
RIT1	8	40	6	2	B1_S01, B1_S02, B2_S02, B2_S04, B2_S07, B2_S08, B2_S15, B3_S05	FALSE	FALSE	TRUE	Tier 3 (cBioPortal mutated)
ROS1	8	40	1	7	B1_S05, B2_S03, B2_S04, B2_S05, B2_S12, B2_S16, B3_S01, B3_S08	FALSE	FALSE	TRUE	Tier 3 (cBioPortal mutated)
RUNX1T1	8	40	6	2	B1_S01, B2_S01, B2_S04, B2_S07, B2_S12, B2_S15, B2_S16, B3_S01	FALSE	TRUE	TRUE	Tier 2 (cBioPortal CNA)
SETD2	8	40	4	4	B1_S01, B2_S03, B2_S04, B2_S05, B2_S15, B3_S04, B3_S05, B3_S09	TRUE	TRUE	TRUE	Tier 1 (PTCL gene list)
SETD5	8	40	5	3	B1_S01, B2_S03, B2_S04, B2_S05, B2_S12, B2_S15, B3_S05, B3_S09	FALSE	FALSE	TRUE	Tier 3 (cBioPortal mutated)
STAG1	8	40	4	4	B1_S01, B2_S03, B2_S04, B2_S05, B2_S12, B2_S16, B3_S05, B3_S09	FALSE	FALSE	TRUE	Tier 3 (cBioPortal mutated)
TERT	8	40	7	1	B1_S02, B1_S05, B2_S02, B2_S03, B2_S06, B2_S08, B2_S15, B3_S06	TRUE	FALSE	TRUE	Tier 1 (PTCL gene list)
TET3	8	40	6	2	B1_S05, B2_S04, B2_S08, B2_S12, B2_S15, B3_S01, B3_S08, B3_S09	TRUE	FALSE	TRUE	Tier 1 (PTCL gene list)
TGFBR2	8	40	5	3	B1_S01, B2_S03, B2_S04, B2_S05, B2_S12, B2_S15, B3_S05, B3_S09	FALSE	FALSE	TRUE	Tier 3 (cBioPortal mutated)
UBR5	8	40	7	1	B1_S01, B2_S01, B2_S04, B2_S07, B2_S12, B2_S15, B2_S16, B3_S01	FALSE	FALSE	TRUE	Tier 3 (cBioPortal mutated)
XPO1	8	40	6	2	B1_S05, B2_S04, B2_S08, B2_S12, B2_S15, B3_S01, B3_S08, B3_S09	TRUE	FALSE	TRUE	Tier 1 (PTCL gene list)
ARID1B	7	35	1	6	B1_S05, B2_S03, B2_S04, B2_S05, B2_S12, B2_S16, B3_S01	FALSE	FALSE	TRUE	Tier 3 (cBioPortal mutated)
ARID2	7	35	3	4	B2_S03, B2_S07, B2_S08, B2_S12, B2_S15, B3_S05, B3_S08	TRUE	FALSE	TRUE	Tier 1 (PTCL gene list)
ATR	7	35	4	3	B1_S01, B2_S03, B2_S04, B2_S05, B2_S12, B3_S05, B3_S09	FALSE	FALSE	TRUE	Tier 3 (cBioPortal mutated)
BACH2	7	35	1	6	B1_S05, B2_S04, B2_S05, B2_S08, B2_S12, B2_S16, B3_S08	TRUE	TRUE	FALSE	Tier 1 (PTCL gene list)
BCL6	7	35	5	2	B1_S01, B2_S03, B2_S05, B2_S07, B2_S12, B3_S05, B3_S09	TRUE	TRUE	FALSE	Tier 1 (PTCL gene list)
CDKN2A	7	35	6	1	B2_S01, B2_S04, B2_S08, B2_S12, B2_S15, B3_S01, B3_S05	TRUE	TRUE	TRUE	Tier 1 (PTCL gene list)
CDKN2B	7	35	6	1	B2_S01, B2_S04, B2_S08, B2_S12, B2_S15, B3_S01, B3_S05	TRUE	TRUE	FALSE	Tier 1 (PTCL gene list)
ERBB3	7	35	3	4	B2_S03, B2_S07, B2_S08, B2_S12, B2_S15, B3_S05, B3_S08	FALSE	FALSE	TRUE	Tier 3 (cBioPortal mutated)
ESR1	7	35	1	6	B1_S05, B2_S03, B2_S04, B2_S05, B2_S12, B2_S16, B3_S01	FALSE	TRUE	TRUE	Tier 2 (cBioPortal CNA)
ETV6	7	35	4	3	B2_S03, B2_S07, B2_S08, B2_S12, B2_S15, B3_S05, B3_S08	FALSE	FALSE	TRUE	Tier 3 (cBioPortal mutated)
FOXL2	7	35	4	3	B1_S01, B2_S03, B2_S04, B2_S05, B2_S12, B3_S05, B3_S09	FALSE	FALSE	TRUE	Tier 3 (cBioPortal mutated)
IRS2	7	35	2	5	B1_S01, B2_S03, B2_S04, B2_S12, B2_S15, B3_S04, B3_S09	FALSE	FALSE	TRUE	Tier 3 (cBioPortal mutated)
KMT2D	7	35	3	4	B2_S03, B2_S07, B2_S08, B2_S12, B2_S15, B3_S05, B3_S08	TRUE	FALSE	TRUE	Tier 1 (PTCL gene list)
KRAS	7	35	3	4	B2_S03, B2_S07, B2_S08, B2_S12, B2_S15, B3_S05, B3_S08	FALSE	FALSE	TRUE	Tier 3 (cBioPortal mutated)
LATS2	7	35	1	6	B1_S01, B2_S03, B2_S04, B2_S12, B2_S15, B3_S08, B3_S09	FALSE	FALSE	TRUE	Tier 3 (cBioPortal mutated)
MCL1	7	35	5	2	B1_S01, B1_S02, B2_S02, B2_S04, B2_S08, B2_S15, B3_S05	TRUE	TRUE	FALSE	Tier 1 (PTCL gene list)
MITF	7	35	4	3	B1_S01, B2_S03, B2_S04, B2_S05, B2_S15, B3_S05, B3_S09	FALSE	FALSE	TRUE	Tier 3 (cBioPortal mutated)
MOB3B	7	35	6	1	B2_S01, B2_S04, B2_S08, B2_S12, B2_S15, B3_S01, B3_S05	FALSE	FALSE	TRUE	Tier 3 (cBioPortal mutated)
NRAS	7	35	4	3	B1_S01, B1_S02, B2_S02, B2_S08, B2_S15, B3_S05, B3_S06	TRUE	FALSE	TRUE	Tier 1 (PTCL gene list)
PIK3C2G	7	35	4	3	B2_S03, B2_S07, B2_S08, B2_S12, B2_S15, B3_S05, B3_S08	FALSE	FALSE	TRUE	Tier 3 (cBioPortal mutated)
RAD21	7	35	6	1	B1_S01, B2_S01, B2_S04, B2_S07, B2_S12, B2_S16, B3_S01	FALSE	FALSE	TRUE	Tier 3 (cBioPortal mutated)
ROBO1	7	35	4	3	B1_S01, B2_S03, B2_S04, B2_S05, B2_S15, B3_S05, B3_S09	FALSE	TRUE	TRUE	Tier 2 (cBioPortal CNA)
SETDB1	7	35	5	2	B1_S01, B1_S02, B2_S02, B2_S04, B2_S08, B2_S15, B3_S05	FALSE	TRUE	TRUE	Tier 2 (cBioPortal CNA)
SGK1	7	35	1	6	B1_S05, B2_S03, B2_S04, B2_S12, B2_S16, B3_S01, B3_S08	FALSE	FALSE	TRUE	Tier 3 (cBioPortal mutated)
SOX2	7	35	6	1	B1_S01, B2_S03, B2_S05, B2_S07, B2_S12, B3_S05, B3_S09	FALSE	FALSE	TRUE	Tier 3 (cBioPortal mutated)
TBL1XR1	7	35	6	1	B1_S01, B2_S03, B2_S05, B2_S07, B2_S12, B3_S05, B3_S09	TRUE	FALSE	TRUE	Tier 1 (PTCL gene list)
TNFAIP3	7	35	1	6	B1_S05, B2_S03, B2_S04, B2_S12, B2_S16, B3_S01, B3_S08	TRUE	TRUE	TRUE	Tier 1 (PTCL gene list)
TP63	7	35	5	2	B1_S01, B2_S03, B2_S05, B2_S07, B2_S12, B3_S05, B3_S09	TRUE	FALSE	FALSE	Tier 1 (PTCL gene list)
B2M	6	30	2	4	B2_S02, B2_S04, B2_S05, B2_S08, B2_S12, B2_S15	TRUE	FALSE	FALSE	Tier 1 (PTCL gene list)
BRCA2	6	30	1	5	B1_S01, B2_S03, B2_S04, B2_S12, B2_S15, B3_S09	FALSE	FALSE	TRUE	Tier 3 (cBioPortal mutated)
CARD11	6	30	3	3	B2_S07, B2_S08, B2_S12, B2_S15, B2_S16, B3_S01	TRUE	FALSE	TRUE	Tier 1 (PTCL gene list)
CCND1	6	30	6	0	B1_S01, B2_S01, B2_S04, B2_S15, B3_S04, B3_S05	FALSE	FALSE	TRUE	Tier 3 (cBioPortal mutated)
CD28	6	30	3	3	B1_S02, B1_S05, B2_S08, B2_S15, B3_S01, B3_S09	TRUE	TRUE	TRUE	Tier 1 (PTCL gene list)
CDH1	6	30	2	4	B2_S04, B2_S07, B2_S12, B2_S15, B2_S16, B3_S05	FALSE	FALSE	TRUE	Tier 3 (cBioPortal mutated)
CDK8	6	30	1	5	B1_S01, B2_S03, B2_S04, B2_S12, B2_S15, B3_S09	FALSE	FALSE	TRUE	Tier 3 (cBioPortal mutated)
CIITA	6	30	5	1	B2_S01, B2_S08, B2_S12, B2_S15, B2_S16, B3_S05	FALSE	FALSE	TRUE	Tier 3 (cBioPortal mutated)
CREBBP	6	30	5	1	B2_S01, B2_S08, B2_S12, B2_S15, B2_S16, B3_S05	TRUE	TRUE	TRUE	Tier 1 (PTCL gene list)
CXCR4	6	30	3	3	B1_S02, B1_S05, B2_S08, B2_S15, B3_S01, B3_S09	FALSE	FALSE	TRUE	Tier 3 (cBioPortal mutated)
EP400	6	30	4	2	B2_S01, B2_S03, B2_S08, B2_S15, B3_S05, B3_S08	FALSE	FALSE	TRUE	Tier 3 (cBioPortal mutated)
FANCA	6	30	2	4	B2_S04, B2_S07, B2_S12, B2_S15, B2_S16, B3_S05	FALSE	FALSE	TRUE	Tier 3 (cBioPortal mutated)
FAS	6	30	4	2	B2_S02, B2_S03, B2_S08, B2_S12, B2_S16, B3_S08	TRUE	TRUE	TRUE	Tier 1 (PTCL gene list)
FGF3	6	30	6	0	B1_S01, B2_S01, B2_S04, B2_S15, B3_S04, B3_S05	FALSE	FALSE	TRUE	Tier 3 (cBioPortal mutated)
FLT1	6	30	1	5	B1_S01, B2_S03, B2_S04, B2_S12, B2_S15, B3_S09	FALSE	FALSE	TRUE	Tier 3 (cBioPortal mutated)
FLT3	6	30	1	5	B1_S01, B2_S03, B2_S04, B2_S12, B2_S15, B3_S09	FALSE	FALSE	TRUE	Tier 3 (cBioPortal mutated)
GRIN2A	6	30	5	1	B2_S01, B2_S08, B2_S12, B2_S15, B2_S16, B3_S05	FALSE	FALSE	TRUE	Tier 3 (cBioPortal mutated)
H1-2	6	30	2	4	B1_S05, B2_S04, B2_S05, B2_S07, B3_S04, B3_S08	FALSE	FALSE	TRUE	Tier 3 (cBioPortal mutated)
H1-3	6	30	2	4	B1_S05, B2_S04, B2_S05, B2_S07, B3_S04, B3_S08	FALSE	FALSE	TRUE	Tier 3 (cBioPortal mutated)
H1-4	6	30	2	4	B1_S05, B2_S04, B2_S05, B2_S07, B3_S04, B3_S08	FALSE	FALSE	TRUE	Tier 3 (cBioPortal mutated)
H2AC6	6	30	2	4	B1_S05, B2_S04, B2_S05, B2_S07, B3_S04, B3_S08	FALSE	FALSE	TRUE	Tier 3 (cBioPortal mutated)
H2BC5	6	30	2	4	B1_S05, B2_S04, B2_S05, B2_S07, B3_S04, B3_S08	FALSE	FALSE	TRUE	Tier 3 (cBioPortal mutated)
H3C2	6	30	2	4	B1_S05, B2_S04, B2_S05, B2_S07, B3_S04, B3_S08	FALSE	FALSE	TRUE	Tier 3 (cBioPortal mutated)
HGF	6	30	5	1	B2_S01, B2_S08, B2_S12, B2_S15, B2_S16, B3_S01	FALSE	FALSE	TRUE	Tier 3 (cBioPortal mutated)
HLA-A	6	30	2	4	B1_S05, B2_S04, B2_S05, B2_S07, B3_S04, B3_S08	TRUE	FALSE	TRUE	Tier 1 (PTCL gene list)
IDH2	6	30	1	5	B2_S02, B2_S04, B2_S05, B2_S08, B2_S12, B2_S15	TRUE	TRUE	TRUE	Tier 1 (PTCL gene list)
IGF1R	6	30	1	5	B2_S02, B2_S04, B2_S05, B2_S08, B2_S12, B2_S15	FALSE	TRUE	TRUE	Tier 2 (cBioPortal CNA)
NCOA3	6	30	5	1	B1_S05, B2_S04, B2_S07, B2_S08, B2_S15, B3_S04	FALSE	FALSE	TRUE	Tier 3 (cBioPortal mutated)
PALB2	6	30	5	1	B2_S01, B2_S08, B2_S12, B2_S15, B2_S16, B3_S05	FALSE	FALSE	TRUE	Tier 3 (cBioPortal mutated)
PDCD1	6	30	1	5	B1_S02, B1_S05, B2_S08, B2_S16, B3_S08, B3_S09	TRUE	TRUE	FALSE	Tier 1 (PTCL gene list)
PLCG2	6	30	2	4	B2_S04, B2_S07, B2_S12, B2_S15, B2_S16, B3_S05	FALSE	FALSE	TRUE	Tier 3 (cBioPortal mutated)
PRKCB	6	30	5	1	B2_S01, B2_S08, B2_S12, B2_S15, B2_S16, B3_S05	TRUE	FALSE	FALSE	Tier 1 (PTCL gene list)
PTEN	6	30	4	2	B2_S02, B2_S03, B2_S08, B2_S12, B2_S16, B3_S08	TRUE	TRUE	TRUE	Tier 1 (PTCL gene list)
PTPN1	6	30	5	1	B1_S05, B2_S04, B2_S07, B2_S08, B2_S15, B3_S04	FALSE	FALSE	TRUE	Tier 3 (cBioPortal mutated)
PTPN2	6	30	2	4	B1_S01, B2_S03, B2_S04, B2_S15, B2_S16, B3_S08	FALSE	FALSE	TRUE	Tier 3 (cBioPortal mutated)
SF3B1	6	30	3	3	B1_S02, B1_S05, B2_S08, B2_S15, B3_S01, B3_S09	FALSE	FALSE	TRUE	Tier 3 (cBioPortal mutated)
SMC3	6	30	3	3	B2_S02, B2_S03, B2_S08, B2_S12, B2_S16, B3_S08	FALSE	FALSE	TRUE	Tier 3 (cBioPortal mutated)
SOCS1	6	30	5	1	B2_S01, B2_S08, B2_S12, B2_S15, B2_S16, B3_S05	TRUE	TRUE	TRUE	Tier 1 (PTCL gene list)
SUFU	6	30	3	3	B2_S02, B2_S03, B2_S08, B2_S12, B2_S16, B3_S08	FALSE	FALSE	TRUE	Tier 3 (cBioPortal mutated)
TET1	6	30	3	3	B2_S02, B2_S03, B2_S08, B2_S12, B2_S16, B3_S08	FALSE	FALSE	TRUE	Tier 3 (cBioPortal mutated)
TSC2	6	30	5	1	B2_S01, B2_S08, B2_S12, B2_S15, B2_S16, B3_S05	FALSE	FALSE	TRUE	Tier 3 (cBioPortal mutated)
TSHR	6	30	5	1	B1_S01, B2_S03, B2_S15, B2_S16, B3_S01, B3_S05	FALSE	FALSE	TRUE	Tier 3 (cBioPortal mutated)
ARID4A	5	25	5	0	B1_S01, B2_S03, B2_S15, B3_S01, B3_S05	FALSE	FALSE	TRUE	Tier 3 (cBioPortal mutated)
ARID5A	5	25	3	2	B1_S02, B1_S05, B2_S08, B3_S01, B3_S09	FALSE	FALSE	TRUE	Tier 3 (cBioPortal mutated)
ARID5B	5	25	2	3	B2_S02, B2_S08, B2_S12, B2_S16, B3_S08	FALSE	TRUE	TRUE	Tier 2 (cBioPortal CNA)
AURKA	5	25	4	1	B1_S05, B2_S07, B2_S08, B2_S15, B3_S04	FALSE	FALSE	TRUE	Tier 3 (cBioPortal mutated)
BARD1	5	25	2	3	B1_S02, B1_S05, B2_S08, B2_S15, B3_S09	FALSE	FALSE	TRUE	Tier 3 (cBioPortal mutated)
BTG1	5	25	2	3	B2_S03, B2_S08, B2_S15, B3_S05, B3_S08	FALSE	TRUE	FALSE	Tier 2 (cBioPortal CNA)
CDK6	5	25	5	0	B2_S08, B2_S12, B2_S15, B2_S16, B3_S01	FALSE	TRUE	TRUE	Tier 2 (cBioPortal CNA)
CUX1	5	25	5	0	B2_S08, B2_S12, B2_S15, B2_S16, B3_S01	FALSE	FALSE	TRUE	Tier 3 (cBioPortal mutated)
DAXX	5	25	1	4	B1_S05, B2_S04, B2_S05, B3_S04, B3_S08	FALSE	TRUE	FALSE	Tier 2 (cBioPortal CNA)
EGFR	5	25	2	3	B2_S08, B2_S12, B2_S15, B2_S16, B3_S01	FALSE	FALSE	TRUE	Tier 3 (cBioPortal mutated)
EPHA3	5	25	3	2	B1_S01, B2_S04, B2_S05, B3_S05, B3_S09	FALSE	FALSE	TRUE	Tier 3 (cBioPortal mutated)
ERBB4	5	25	2	3	B1_S02, B1_S05, B2_S08, B2_S15, B3_S09	FALSE	FALSE	TRUE	Tier 3 (cBioPortal mutated)
EZH2	5	25	4	1	B2_S04, B2_S08, B2_S12, B2_S15, B2_S16	FALSE	FALSE	TRUE	Tier 3 (cBioPortal mutated)
GNAS	5	25	4	1	B1_S05, B2_S07, B2_S08, B2_S15, B3_S04	FALSE	FALSE	TRUE	Tier 3 (cBioPortal mutated)
HDAC4	5	25	1	4	B1_S02, B1_S05, B2_S08, B2_S16, B3_S09	FALSE	TRUE	FALSE	Tier 2 (cBioPortal CNA)
IKZF1	5	25	3	2	B2_S08, B2_S12, B2_S15, B2_S16, B3_S01	FALSE	FALSE	TRUE	Tier 3 (cBioPortal mutated)
JAK1	5	25	4	1	B1_S01, B1_S02, B2_S02, B2_S15, B3_S05	TRUE	FALSE	TRUE	Tier 1 (PTCL gene list)
KMT2C	5	25	4	1	B2_S04, B2_S08, B2_S12, B2_S15, B2_S16	TRUE	FALSE	TRUE	Tier 1 (PTCL gene list)
LTB	5	25	1	4	B1_S05, B2_S04, B2_S05, B3_S04, B3_S08	FALSE	TRUE	FALSE	Tier 2 (cBioPortal CNA)
MGAM	5	25	4	1	B2_S04, B2_S08, B2_S12, B2_S15, B2_S16	FALSE	FALSE	TRUE	Tier 3 (cBioPortal mutated)
NCOR2	5	25	3	2	B2_S01, B2_S03, B2_S08, B2_S15, B3_S05	FALSE	TRUE	TRUE	Tier 2 (cBioPortal CNA)
NKX2-1	5	25	2	3	B1_S01, B2_S15, B2_S16, B3_S01, B3_S05	FALSE	TRUE	TRUE	Tier 2 (cBioPortal CNA)
NOTCH4	5	25	1	4	B1_S05, B2_S04, B2_S05, B3_S04, B3_S08	FALSE	TRUE	TRUE	Tier 2 (cBioPortal CNA)
PAK5	5	25	5	0	B2_S04, B2_S07, B2_S08, B2_S15, B3_S04	FALSE	FALSE	TRUE	Tier 3 (cBioPortal mutated)
PLCG1	5	25	4	1	B1_S05, B2_S07, B2_S08, B2_S15, B3_S04	TRUE	FALSE	TRUE	Tier 1 (PTCL gene list)
PTPRT	5	25	4	1	B1_S05, B2_S07, B2_S08, B2_S15, B3_S04	FALSE	FALSE	TRUE	Tier 3 (cBioPortal mutated)
RET	5	25	3	2	B2_S02, B2_S08, B2_S12, B2_S16, B3_S08	FALSE	TRUE	TRUE	Tier 2 (cBioPortal CNA)
SRC	5	25	4	1	B1_S05, B2_S07, B2_S08, B2_S15, B3_S04	FALSE	TRUE	FALSE	Tier 2 (cBioPortal CNA)
ASXL1	4	20	4	0	B2_S07, B2_S08, B2_S15, B3_S04	FALSE	FALSE	TRUE	Tier 3 (cBioPortal mutated)
BRAF	4	20	4	0	B2_S08, B2_S12, B2_S15, B2_S16	FALSE	FALSE	TRUE	Tier 3 (cBioPortal mutated)
DTX1	4	20	2	2	B2_S03, B2_S08, B2_S15, B3_S05	TRUE	FALSE	TRUE	Tier 1 (PTCL gene list)
EPHA5	4	20	3	1	B2_S01, B2_S02, B2_S12, B2_S15	FALSE	FALSE	TRUE	Tier 3 (cBioPortal mutated)
HNF1A	4	20	2	2	B2_S03, B2_S08, B2_S15, B3_S05	FALSE	FALSE	TRUE	Tier 3 (cBioPortal mutated)
KDR	4	20	2	2	B2_S01, B2_S02, B2_S12, B2_S15	FALSE	FALSE	TRUE	Tier 3 (cBioPortal mutated)
KIT	4	20	2	2	B2_S01, B2_S02, B2_S12, B2_S15	FALSE	FALSE	TRUE	Tier 3 (cBioPortal mutated)
KMT5A	4	20	2	2	B2_S03, B2_S08, B2_S15, B3_S05	FALSE	TRUE	FALSE	Tier 2 (cBioPortal CNA)
KSR2	4	20	2	2	B2_S03, B2_S08, B2_S15, B3_S05	FALSE	FALSE	TRUE	Tier 3 (cBioPortal mutated)
MET	4	20	4	0	B2_S08, B2_S12, B2_S15, B2_S16	FALSE	TRUE	TRUE	Tier 2 (cBioPortal CNA)
PDGFRA	4	20	2	2	B2_S01, B2_S02, B2_S12, B2_S15	FALSE	FALSE	TRUE	Tier 3 (cBioPortal mutated)
PIK3CG	4	20	4	0	B2_S08, B2_S12, B2_S15, B2_S16	FALSE	TRUE	TRUE	Tier 2 (cBioPortal CNA)
PIM1	4	20	2	2	B1_S05, B2_S04, B3_S04, B3_S08	FALSE	FALSE	TRUE	Tier 3 (cBioPortal mutated)
POT1	4	20	4	0	B2_S08, B2_S12, B2_S15, B2_S16	TRUE	FALSE	TRUE	Tier 1 (PTCL gene list)
SETD1B	4	20	2	2	B2_S03, B2_S08, B2_S15, B3_S05	TRUE	FALSE	TRUE	Tier 1 (PTCL gene list)
SH2B3	4	20	2	2	B2_S03, B2_S08, B2_S15, B3_S05	FALSE	FALSE	TRUE	Tier 3 (cBioPortal mutated)
SMO	4	20	4	0	B2_S08, B2_S12, B2_S15, B2_S16	FALSE	FALSE	TRUE	Tier 3 (cBioPortal mutated)
SP140	4	20	2	2	B1_S02, B1_S05, B2_S08, B3_S09	FALSE	TRUE	TRUE	Tier 2 (cBioPortal CNA)
TET2	4	20	3	1	B2_S01, B2_S02, B2_S12, B2_S15	TRUE	FALSE	TRUE	Tier 1 (PTCL gene list)
CCND3	3	15	2	1	B1_S05, B2_S04, B3_S08	FALSE	FALSE	TRUE	Tier 3 (cBioPortal mutated)
