"chr","bin_start","p_value","p_adj"
"chr4",5000000,5.24379186489651e-05,0.0280018485585474
"chr19",0,0.000350591092459822,0.0936078216867725
"chr7",0,0.000574571981905306,0.102273812779144
"chr17",0,0.00104746271837122,0.11242027197602
"chr19",15000000,0.00113812333933177,0.11242027197602
"chr12",120000000,0.00134508178075478,0.11242027197602
"chr1",95000000,0.00164383493111632,0.11242027197602
"chr19",10000000,0.00168419883110143,0.11242027197602
"chr11",65000000,0.00225308975008861,0.120993340455919
"chr2",140000000,0.00245174582287453,0.120993340455919
"chr11",95000000,0.00271267941946758,0.120993340455919
"chr17",35000000,0.00271895147091952,0.120993340455919
"chr11",130000000,0.00330426382585475,0.135728991000495
"chr8",110000000,0.00567718104554999,0.214192386371354
"chr10",95000000,0.00604744073661159,0.214192386371354
"chr11",125000000,0.00641774940438514,0.214192386371354
"chr18",65000000,0.00703907971395102,0.221109915720579
"chr3",100000000,0.00746418648052163,0.221255690438471
"chr12",70000000,0.00792149945134991,0.221255690438471
"chr10",25000000,0.00828672997896896,0.221255690438471
"chr5",180000000,0.00965968419497441,0.236197868143425
"chr21",15000000,0.0106827311167718,0.236197868143425
"chr2",125000000,0.010856795358375,0.236197868143425
"chr17",30000000,0.011099599941597,0.236197868143425
"chr17",60000000,0.011725072996359,0.236197868143425
"chr9",115000000,0.012064084329996,0.236197868143425
"chr16",5000000,0.0123296280043968,0.236197868143425
"chr6",90000000,0.0132196566069028,0.236197868143425
"chr12",5000000,0.0134318840226153,0.236197868143425
"chr5",155000000,0.0134943060886043,0.236197868143425
"chr17",45000000,0.0137118612592625,0.236197868143425
"chr1",5000000,0.0149440090708918,0.242203692200825
"chr10",70000000,0.0150134584436524,0.242203692200825
"chr1",25000000,0.0154212088667192,0.242203692200825
"chr10",45000000,0.0164850436093446,0.251514665354
"chr17",70000000,0.017539451221712,0.260168526455394
"chr11",120000000,0.0180896410997745,0.261077522899448
"chr6",85000000,0.0191071905775204,0.26435084725231
"chr17",15000000,0.019606687224702,0.26435084725231
"chr11",80000000,0.0198015615919333,0.26435084725231
"chr12",125000000,0.0209014003533392,0.267858269039129
"chr2",130000000,0.0210675043064483,0.267858269039129
"chr7",75000000,0.0224910128564037,0.275198491389881
"chr4",75000000,0.0228403212057876,0.275198491389881
"chr3",185000000,0.0231908841058889,0.275198491389881
"chr18",40000000,0.0249190091711151,0.289277193421206
"chr4",15000000,0.0255525020691468,0.290319917126051
"chr6",105000000,0.0268883973640519,0.299133420675077
"chr11",110000000,0.0282342404004212,0.302682529047116
"chr6",125000000,0.0283410607722019,0.302682529047116
"chr18",75000000,0.0313578866665361,0.313141167798722
"chr8",85000000,0.0313834374305926,0.313141167798722
"chr18",45000000,0.032240326717473,0.313141167798722
"chr10",125000000,0.0323359558607657,0.313141167798722
"chr6",60000000,0.0327702715037438,0.313141167798722
"chr16",0,0.0331608089179965,0.313141167798722
"chr8",135000000,0.0343702623825244,0.313141167798722
"chr19",40000000,0.0344537392996146,0.313141167798722
"chr14",105000000,0.0345979941949898,0.313141167798722
"chr5",60000000,0.0367050459586443,0.323018933041424
"chr19",55000000,0.0368991665084773,0.323018933041424
"chr12",60000000,0.0377306424614665,0.324970372168115
"chr18",30000000,0.0398985596181887,0.32753593383831
"chr4",0,0.0402709728494489,0.32753593383831
"chr12",130000000,0.0402709728494489,0.32753593383831
"chr5",0,0.0407486004828897,0.32753593383831
"chr10",110000000,0.0414932367880285,0.32753593383831
"chr1",185000000,0.0426930964842945,0.32753593383831
"chr17",75000000,0.0427562155803339,0.32753593383831
"chr4",40000000,0.0436643676639483,0.32753593383831
"chr20",60000000,0.0436643676639483,0.32753593383831
"chr1",10000000,0.044478436573566,0.32753593383831
"chr13",90000000,0.0447755115546754,0.32753593383831
"chr20",55000000,0.0479970213671095,0.342931340892146
"chr12",25000000,0.0481645141702453,0.342931340892146
"chr9",70000000,0.0493950512890959,0.343508055482733
"chr4",65000000,0.0503942597445488,0.343508055482733
"chr22",45000000,0.051866869636968,0.343508055482733
"chr10",130000000,0.0519281695148662,0.343508055482733
"chr16",15000000,0.0519501452995384,0.343508055482733
"chr13",75000000,0.0525405356184391,0.343508055482733
"chr2",60000000,0.0527484279954758,0.343508055482733
"chr8",95000000,0.0534740654625136,0.344037963337136
"chr15",45000000,0.0563084129669917,0.344811639601651
"chr13",45000000,0.0568295873875292,0.344811639601651
"chr12",85000000,0.0579667196989084,0.344811639601651
"chr10",120000000,0.0587519196908933,0.344811639601651
"chr1",205000000,0.058806633428536,0.344811639601651
"chr2",110000000,0.0590903421804927,0.344811639601651
"chr9",60000000,0.0598458005323373,0.344811639601651
"chr20",15000000,0.0598728158393281,0.344811639601651
"chr8",0,0.0599302638651531,0.344811639601651
"chr1",150000000,0.060051465323883,0.344811639601651
"chr8",100000000,0.06111500003176,0.346172786419589
"chr13",50000000,0.0615850462731478,0.346172786419589
"chr4",20000000,0.0625902774484751,0.346322716040212
"chr15",90000000,0.0638555104601339,0.346322716040212
"chr2",10000000,0.0641316862001003,0.346322716040212
"chr1",15000000,0.0642058967939718,0.346322716040212
"chr3",180000000,0.0651591839471984,0.347950042278039
"chr2",0,0.0681720813584494,0.358406880257056
"chr18",55000000,0.0692045054589721,0.358406880257056
"chr10",0,0.0697623461267232,0.358406880257056
"chr11",85000000,0.0701787883981866,0.358406880257056
"chr10",100000000,0.0706664518166171,0.358406880257056
"chr16",90000000,0.0718054830063072,0.358406880257056
"chr12",15000000,0.0718156108380244,0.358406880257056
"chr10",55000000,0.0735478976075241,0.360369314840349
"chr5",165000000,0.0735585305572998,0.360369314840349
"chr1",0,0.0769975327035796,0.373788022397377
"chr3",125000000,0.0794240464377325,0.382094061240983
"chr12",45000000,0.0822790441127902,0.382302995536306
"chr20",0,0.0827226481106581,0.382302995536306
"chr11",90000000,0.0829212220856976,0.382302995536306
"chr14",95000000,0.0838006258751976,0.382302995536306
"chr8",15000000,0.0850109654961739,0.382302995536306
"chr10",80000000,0.0857866101991826,0.382302995536306
"chr11",60000000,0.0868264143429106,0.382302995536306
"chr3",30000000,0.0880186755972539,0.382302995536306
"chr10",50000000,0.0881503597785213,0.382302995536306
"chr14",55000000,0.0892562568298235,0.382302995536306
"chr1",160000000,0.0894932308016437,0.382302995536306
"chr3",5000000,0.0900131723817711,0.382302995536306
"chr13",80000000,0.0900350740018084,0.382302995536306
"chr17",40000000,0.0907643450141828,0.382302995536306
"chr18",25000000,0.0915366314793127,0.382302995536306
"chr5",130000000,0.0920041920062489,0.382302995536306
"chr21",30000000,0.0921532104512378,0.382302995536306
"chr5",5000000,0.0929012758430175,0.382302995536306
"chr3",155000000,0.0935280361861051,0.382302995536306
"chr14",100000000,0.0937859408525396,0.382302995536306
"chr6",100000000,0.0972764808144571,0.391030328797074
"chr7",130000000,0.0973914489326045,0.391030328797074
"chr5",40000000,0.100524793098561,0.394093740181175
"chr12",0,0.101380485731086,0.394093740181175
"chr6",75000000,0.101497799129483,0.394093740181175
"chr5",85000000,0.101686571767411,0.394093740181175
"chr7",85000000,0.101844449709742,0.394093740181175
"chr12",40000000,0.106192082087936,0.407960948452933
"chr14",20000000,0.107694302238764,0.410776838539284
"chr21",20000000,0.109875940713371,0.411023523196941
"chr12",80000000,0.110223997621374,0.411023523196941
"chr9",30000000,0.110641014981787,0.411023523196941
"chr2",225000000,0.110837804008164,0.411023523196941
"chr3",40000000,0.113575812297206,0.418272301839366
"chr4",70000000,0.116012320501706,0.424319035259665
"chr2",145000000,0.118598072604219,0.428425114014965
"chr20",20000000,0.119120670232653,0.428425114014965
"chr9",125000000,0.119541838929269,0.428425114014965
"chr7",150000000,0.124041251638133,0.433118550949111
"chr7",80000000,0.124567189849445,0.433118550949111
"chr2",175000000,0.124588273698929,0.433118550949111
"chr6",110000000,0.125396088957389,0.433118550949111
"chr1",200000000,0.125668295343669,0.433118550949111
"chr3",60000000,0.125717931455266,0.433118550949111
"chr6",120000000,0.129829888623897,0.44362082517353
"chr9",15000000,0.130446585326677,0.44362082517353
"chr5",160000000,0.131258596212393,0.44362082517353
"chr8",5000000,0.132346501300915,0.444484476067225
"chr19",35000000,0.133408610304289,0.445251236890563
"chr2",95000000,0.136530289044785,0.446933835322121
"chr1",170000000,0.136931393746414,0.446933835322121
"chr17",50000000,0.137038135115892,0.446933835322121
"chr4",190000000,0.137260578638254,0.446933835322121
"chr6",80000000,0.140494185482576,0.453113013672004
"chr8",105000000,0.142849864661053,0.453113013672004
"chr3",135000000,0.142910318127746,0.453113013672004
"chr4",130000000,0.143043405824176,0.453113013672004
"chr16",10000000,0.143400935038518,0.453113013672004
"chr2",210000000,0.144491119873827,0.45387210595661
"chr19",45000000,0.145398245590808,0.454050661669541
"chr11",115000000,0.14930499509456,0.463539926630785
"chr2",150000000,0.151259688907892,0.466894068652107
"chr11",20000000,0.154815992660826,0.46965684470872
"chr3",45000000,0.155555761981463,0.46965684470872
"chr4",60000000,0.155914326730973,0.46965684470872
"chr8",145000000,0.15671901086729,0.46965684470872
"chr3",145000000,0.156951263599029,0.46965684470872
"chr15",100000000,0.157431788769402,0.46965684470872
"chr2",185000000,0.158577752411865,0.470447332155199
"chr7",125000000,0.161188325023243,0.475550085980176
"chr4",150000000,0.164581824793495,0.480810892724114
"chr18",80000000,0.164772272225679,0.480810892724114
"chr5",100000000,0.167161522287139,0.482865172313732
"chr2",135000000,0.167284750707941,0.482865172313732
"chr8",115000000,0.168520853902761,0.483817935398251
"chr2",75000000,0.171138757911639,0.488706399597943
"chr2",85000000,0.172453800165769,0.489842177066598
"chr18",60000000,0.174263060184435,0.492362297029038
"chr1",105000000,0.175694387831218,0.49379370053616
"chr12",75000000,0.179800455821383,0.502688185385436
"chr15",50000000,0.181512630067836,0.504655709916084
"chr3",120000000,0.183014472375445,0.504655709916084
"chr7",95000000,0.183339340306592,0.504655709916084
"chr7",155000000,0.185414411502557,0.507750234576233
"chr7",145000000,0.188717468043268,0.512959408236623
"chr3",150000000,0.189704828437953,0.512959408236623
"chr18",50000000,0.190198432267512,0.512959408236623
"chr6",115000000,0.191279848673314,0.513283614027888
"chr11",40000000,0.195675630257563,0.52219692934664
"chr13",30000000,0.196557271158567,0.52219692934664
"chr5",125000000,0.199189575617297,0.52654525177698
"chr4",155000000,0.200166078859039,0.52654525177698
"chr11",105000000,0.207583684782996,0.541479978438643
"chr14",85000000,0.207871527303225,0.541479978438643
"chr7",45000000,0.209717870462817,0.543637586539535
"chr12",20000000,0.21434683745591,0.552952711118146
"chr4",55000000,0.216445213827725,0.553022699445009
"chr12",90000000,0.216445213827728,0.553022699445009
"chr10",10000000,0.220127142428373,0.558074153109775
"chr13",70000000,0.220512446266222,0.558074153109775
"chr11",30000000,0.22297051079954,0.561633267768653
"chr4",145000000,0.22638716883007,0.564677680248811
"chr2",215000000,0.228123526387243,0.564677680248811
"chr7",40000000,0.228587295576343,0.564677680248811
"chr1",245000000,0.228930090756703,0.564677680248811
"chr3",55000000,0.230829964002596,0.564677680248811
"chr9",135000000,0.23353145438145,0.564677680248811
"chr10",115000000,0.23353145438145,0.564677680248811
"chr21",45000000,0.23353145438145,0.564677680248811
"chr6",0,0.233696193511212,0.564677680248811
"chr5",115000000,0.237426168807429,0.568298041926125
"chr8",65000000,0.239092872555614,0.568298041926125
"chr16",20000000,0.239451422159884,0.568298041926125
"chr20",40000000,0.239451422159884,0.568298041926125
"chr12",55000000,0.24116975487549,0.569843580104035
"chr10",30000000,0.242455478210955,0.570020736154067
"chr3",85000000,0.243379640155669,0.570020736154067
"chr1",65000000,0.245590723957733,0.570801048478344
"chr18",10000000,0.245850638857714,0.570801048478344
"chr3",115000000,0.249707686206641,0.575241395085721
"chr4",165000000,0.250043359568232,0.575241395085721
"chr1",80000000,0.251273597218265,0.575241395085721
"chr8",90000000,0.254035144206298,0.575241395085721
"chr4",185000000,0.25415340398267,0.575241395085721
"chr2",100000000,0.254741936381651,0.575241395085721
"chr4",170000000,0.25594745761645,0.575241395085721
"chr15",25000000,0.256380996311614,0.575241395085721
"chr5",30000000,0.258778619097341,0.578191558987366
"chr11",100000000,0.2613506660256,0.579370100356101
"chr7",115000000,0.26147601907457,0.579370100356101
"chr12",110000000,0.267051487032847,0.586860092656841
"chr1",145000000,0.26705431182699,0.586860092656841
"chr4",110000000,0.270344603496324,0.590903230656933
"chr18",70000000,0.271107287473687,0.590903230656933
"chr2",105000000,0.273146189562687,0.592451515784696
"chr1",50000000,0.274036562544607,0.592451515784696
"chr13",60000000,0.277419727283166,0.592855041786287
"chr5",10000000,0.277436356336615,0.592855041786287
"chr15",60000000,0.278981321236476,0.592855041786287
"chr20",45000000,0.279611572103322,0.592855041786287
"chr14",40000000,0.279774289382293,0.592855041786287
"chr8",55000000,0.283279224939596,0.59555553589663
"chr10",65000000,0.283279224939596,0.59555553589663
"chr13",105000000,0.28641271662361,0.598114264697624
"chr3",110000000,0.286970701368546,0.598114264697624
"chr10",5000000,0.289406326057602,0.598114264697624
"chr5",20000000,0.291819404858505,0.598114264697624
"chr1",155000000,0.293338949405177,0.598114264697624
"chr16",30000000,0.29356968446766,0.598114264697624
"chr9",95000000,0.295131640302579,0.598114264697624
"chr1",70000000,0.295331503238284,0.598114264697624
"chr7",120000000,0.295331503238284,0.598114264697624
"chr11",45000000,0.2963035959978,0.598114264697624
"chr6",130000000,0.296817004016611,0.598114264697624
"chr7",30000000,0.302607823544219,0.607490893882004
"chr14",65000000,0.306586845968687,0.611314509570145
"chr12",10000000,0.306802038510859,0.611314509570145
"chr5",55000000,0.310808812995932,0.616995933605307
"chr7",140000000,0.312083733198552,0.617232272326025
"chr5",15000000,0.314403089696309,0.619524907372062
"chr9",20000000,0.321297388352426,0.630782372721307
"chr21",35000000,0.327104155318918,0.6356652507955
"chr4",160000000,0.328337078227771,0.6356652507955
"chr11",15000000,0.328954701337718,0.6356652507955
"chr9",10000000,0.32905098353456,0.6356652507955
"chr11",25000000,0.330699095276378,0.6356652507955
"chr11",75000000,0.332456256045735,0.6356652507955
"chr9",110000000,0.333301314269612,0.6356652507955
"chr8",130000000,0.334366552984727,0.6356652507955
"chr9",130000000,0.33547067929068,0.6356652507955
"chr3",170000000,0.335688390869534,0.6356652507955
"chr2",235000000,0.33907626226395,0.639811745756005
"chr2",170000000,0.342195349081882,0.643423649330018
"chr11",70000000,0.345837843719493,0.647990907179681
"chr3",20000000,0.348227520454502,0.650187048680783
"chr5",35000000,0.349456265912494,0.650207825774466
"chr2",230000000,0.354021344483214,0.656414576229294
"chr13",35000000,0.355741840106364,0.656442921982001
"chr2",155000000,0.356495219802959,0.656442921982001
"chr2",120000000,0.363584925968071,0.66491215913339
"chr3",175000000,0.363584925968071,0.66491215913339
"chr4",105000000,0.365238556241372,0.665656617859702
"chr2",200000000,0.371724110671384,0.675172364280677
"chr8",25000000,0.374224038017648,0.677408936614996
"chr9",5000000,0.379318576236026,0.679380348002932
"chr13",55000000,0.379318576236026,0.679380348002932
"chr14",75000000,0.380402104967934,0.679380348002932
"chr17",55000000,0.380402104967934,0.679380348002932
"chr17",5000000,0.381901893705388,0.679785370795591
"chr1",60000000,0.386097710406567,0.684071194658596
"chr1",85000000,0.38687172432003,0.684071194658596
"chr12",105000000,0.388179339936308,0.684118044640225
"chr15",80000000,0.392373561619232,0.686245761701284
"chr15",20000000,0.393241953334444,0.686245761701284
"chr15",75000000,0.393241953334444,0.686245761701284
"chr16",60000000,0.398553234112693,0.691486287389468
"chr19",50000000,0.399345177448528,0.691486287389468
"chr11",135000000,0.400744404202687,0.691486287389468
"chr14",90000000,0.401424623765422,0.691486287389468
"chr5",135000000,0.404236876144078,0.693965619981756
"chr14",60000000,0.405463058865745,0.693965619981756
"chr15",30000000,0.407241100092922,0.694408019991414
"chr6",160000000,0.408322318871356,0.694408019991414
"chr5",25000000,0.41030236978965,0.695560207833882
"chr2",205000000,0.411697889839325,0.695717320171517
"chr8",35000000,0.414669828861687,0.69644284637026
"chr7",65000000,0.41473562761375,0.69644284637026
"chr15",55000000,0.416322337402459,0.696915762297533
"chr2",55000000,0.420223107216535,0.699523811580415
"chr2",80000000,0.420500268759014,0.699523811580415
"chr18",35000000,0.42845024817011,0.708775402730599
"chr2",15000000,0.428716208018695,0.708775402730599
"chr13",20000000,0.431362089009069,0.709320276012356
"chr6",5000000,0.432098849294754,0.709320276012356
"chr3",195000000,0.433030730299678,0.709320276012356
"chr16",45000000,0.434751810534268,0.709746411495572
"chr6",95000000,0.435949106686419,0.709746411495572
"chr2",165000000,0.437919505807129,0.710787282981785
"chr5",145000000,0.442776039405642,0.714448412501505
"chr2",50000000,0.442850982280895,0.714448412501505
"chr7",105000000,0.454732442445279,0.72742732095466
"chr6",135000000,0.454814219867246,0.72742732095466
"chr7",35000000,0.454982631458533,0.72742732095466
"chr4",180000000,0.459341177947626,0.732203549325469
"chr21",40000000,0.460857988386512,0.732435017257136
"chr10",75000000,0.462577115747517,0.732985696763128
"chr8",30000000,0.467576843268597,0.738716077826719
"chr7",110000000,0.47497944406214,0.745997126850537
"chr12",50000000,0.47497944406214,0.745997126850537
"chr19",30000000,0.477154852008068,0.747216102558088
"chr11",0,0.481467694871655,0.751765348132934
"chr4",85000000,0.483435829965968,0.752637706127775
"chr3",160000000,0.486788298185321,0.753910072265081
"chr1",30000000,0.487076732081373,0.753910072265081
"chr6",25000000,0.489064346916089,0.754089333679812
"chr9",75000000,0.490675847374906,0.754089333679812
"chr4",25000000,0.491429003971113,0.754089333679812
"chr4",115000000,0.493820764444892,0.755588218376997
"chr1",110000000,0.500976022534135,0.764346274380651
"chr15",70000000,0.505325973392366,0.768786523622573
"chr15",35000000,0.509742450554183,0.773302467602084
"chr4",175000000,0.514016258876929,0.777577003513542
"chr1",45000000,0.518026267010381,0.777834471270792
"chr9",90000000,0.519920149626029,0.777834471270792
"chr1",230000000,0.524828596926377,0.777834471270792
"chr2",20000000,0.525760217132571,0.777834471270792
"chr4",10000000,0.526338911782247,0.777834471270792
"chr21",5000000,0.526338911782247,0.777834471270792
"chr6",155000000,0.52801365621103,0.777834471270792
"chr10",15000000,0.528095578064847,0.777834471270792
"chr5",140000000,0.52983942539226,0.777834471270792
"chr2",195000000,0.529998242224384,0.777834471270792
"chr6",70000000,0.530985841862278,0.777834471270792
"chr6",35000000,0.531665883921047,0.777834471270792
"chr9",65000000,0.535974190081058,0.781995129790395
"chr14",70000000,0.539843247100278,0.785493988968796
"chr4",90000000,0.547317881156632,0.794205838417504
"chr5",170000000,0.552582392714599,0.797510804620535
"chr6",150000000,0.552582392714603,0.797510804620535
"chr1",190000000,0.554174529446394,0.797652826750336
"chr22",25000000,0.562886602516807,0.808014639096707
"chr16",50000000,0.564747326027093,0.808163549993796
"chr3",140000000,0.566017167973183,0.808163549993796
"chr21",25000000,0.573803623033103,0.813298781433704
"chr2",70000000,0.573838017887466,0.813298781433704
"chr4",120000000,0.576547506431629,0.813298781433704
"chr9",85000000,0.576547506431629,0.813298781433704
"chr11",10000000,0.577228910418303,0.813298781433704
"chr8",50000000,0.579839909258247,0.814827661957642
"chr1",35000000,0.582390843553986,0.816264331910311
"chr4",35000000,0.592538049646256,0.826989000682504
"chr2",160000000,0.593140051051309,0.826989000682504
"chr6",20000000,0.59789591068972,0.831449000802893
"chr3",80000000,0.600278596938242,0.832594209779276
"chr17",65000000,0.604953033605299,0.836903937681943
"chr4",80000000,0.607721578403123,0.838561557796558
"chr11",5000000,0.612896820205181,0.841434140399375
"chr8",125000000,0.614530551977072,0.841434140399375
"chr15",40000000,0.614530551977072,0.841434140399375
"chr11",35000000,0.621468401189305,0.848757356099971
"chr1",40000000,0.623399675259473,0.849223027011629
"chr7",90000000,0.637638268620469,0.861840263273599
"chr20",10000000,0.637836144416635,0.861840263273599
"chr4",135000000,0.638202826581316,0.861840263273599
"chr9",25000000,0.642322738008274,0.861840263273599
"chr10",90000000,0.643172583472208,0.861840263273599
"chr3",70000000,0.647123757719897,0.861840263273599
"chr6",165000000,0.648055354922973,0.861840263273599
"chr4",125000000,0.651553912643602,0.861840263273599
"chr8",80000000,0.651553912643602,0.861840263273599
"chr6",30000000,0.653099531797096,0.861840263273599
"chr1",90000000,0.655313921612004,0.861840263273599
"chr7",5000000,0.655313921612004,0.861840263273599
"chr7",50000000,0.656611429778249,0.861840263273599
"chr9",0,0.656611429778249,0.861840263273599
"chr8",20000000,0.658475440712848,0.861840263273599
"chr18",5000000,0.659207185411487,0.861840263273599
"chr2",220000000,0.661442283748299,0.861840263273599
"chr1",225000000,0.662562673172338,0.861840263273599
"chr4",30000000,0.664211686703644,0.861840263273599
"chr5",65000000,0.66494042784405,0.861840263273599
"chr13",100000000,0.668136610422766,0.863886077398928
"chr10",60000000,0.671738840792617,0.866445751167289
"chr13",85000000,0.673681424853007,0.866857544268689
"chr3",0,0.681356733734749,0.873991298827828
"chr14",35000000,0.682498823241956,0.873991298827828
"chr10",85000000,0.68532739090156,0.875513939572807
"chr9",100000000,0.692478281443449,0.882537952961341
"chr5",80000000,0.696776573428873,0.883797363921658
"chr13",25000000,0.696776573428873,0.883797363921658
"chr18",0,0.700619670292352,0.886566123071365
"chr2",30000000,0.706214902227067,0.891128869174752
"chr1",180000000,0.709231777901254,0.891128869174752
"chr16",65000000,0.709231777901254,0.891128869174752
"chr1",220000000,0.72015545366709,0.902730075723535
"chr2",190000000,0.724027930006013,0.905458816447801
"chr3",65000000,0.727005541671267,0.907058316010413
"chr5",110000000,0.729910465842764,0.908559880559524
"chr15",65000000,0.731912879950887,0.908933669520404
"chr2",5000000,0.739818484350082,0.916619653463906
"chr12",115000000,0.74312562636711,0.917081793840826
"chr22",30000000,0.743626248563816,0.917081793840826
"chr1",195000000,0.757663876978733,0.93158697141217
"chr3",165000000,0.758896410572138,0.93158697141217
"chr13",110000000,0.760621572164243,0.93158697141217
"chr17",10000000,0.762920716330007,0.932089252085768
"chr14",50000000,0.76600425831659,0.932089252085768
"chr1",175000000,0.767626479800425,0.932089252085768
"chr7",20000000,0.76801361595082,0.932089252085768
"chr3",15000000,0.772295913423082,0.933542182823816
"chr10",105000000,0.772707200015218,0.933542182823816
"chr14",25000000,0.785366902970123,0.94168088064235
"chr1",210000000,0.786339463699318,0.94168088064235
"chr7",15000000,0.786339463699318,0.94168088064235
"chr5",150000000,0.786497514543986,0.94168088064235
"chr16",25000000,0.790119177474559,0.942487024251895
"chr9",105000000,0.793021800920444,0.942487024251895
"chr3",130000000,0.793357404437763,0.942487024251895
"chr8",120000000,0.794230638414519,0.942487024251895
"chr7",70000000,0.800903786280032,0.948298496393652
"chr16",80000000,0.804072802163616,0.949944416715423
"chr2",35000000,0.81027420928878,0.954321438318343
"chr3",35000000,0.812336679443432,0.954321438318343
"chr8",60000000,0.813139053248775,0.954321438318343
"chr20",35000000,0.815479047675918,0.954968884778377
"chr20",50000000,0.820488744754902,0.958733019035268
"chr12",100000000,0.824700078633914,0.961549873341725
"chr6",145000000,0.82724833104968,0.962415456123496
"chr4",140000000,0.829047022128855,0.962415456123496
"chr1",235000000,0.834881552959872,0.967086224035947
"chr5",120000000,0.839140132170176,0.967497990610516
"chr2",45000000,0.841747842514574,0.967497990610516
"chr8",75000000,0.842118912634426,0.967497990610516
"chr2",25000000,0.84248420530691,0.967497990610516
"chr16",55000000,0.845534479624641,0.967738986300062
"chr3",25000000,0.84748049586349,0.967738986300062
"chr7",25000000,0.850329965290702,0.967738986300062
"chr5",75000000,0.850554857506074,0.967738986300062
"chr6",170000000,0.85175528756747,0.967738986300062
"chr14",30000000,0.854691452063456,0.968423136320658
"chr3",105000000,0.857081514898564,0.968423136320658
"chr16",70000000,0.857798021497511,0.968423136320658
"chr3",75000000,0.863320307345617,0.970407253126122
"chr4",95000000,0.863320307345617,0.970407253126122
"chr8",140000000,0.869353126650606,0.970407253126122
"chr3",50000000,0.870951584368415,0.970407253126122
"chr5",70000000,0.871504517472615,0.970407253126122
"chr7",10000000,0.875184290707261,0.970407253126122
"chr6",40000000,0.875628758722255,0.970407253126122
"chr15",85000000,0.876147590040327,0.970407253126122
"chr12",95000000,0.876929505435063,0.970407253126122
"chr9",35000000,0.883234915561334,0.970407253126122
"chr16",85000000,0.884581268815138,0.970407253126122
"chr5",90000000,0.886067127260269,0.970407253126122
"chr13",95000000,0.886067127260269,0.970407253126122
"chr7",135000000,0.886129612894854,0.970407253126122
"chr17",80000000,0.8868141189617,0.970407253126122
"chr5",95000000,0.890112764773317,0.971847933392851
"chr6",65000000,0.894123278596106,0.971847933392851
"chr10",20000000,0.894274615080842,0.971847933392851
"chr4",100000000,0.895410455485548,0.971847933392851
"chr6",140000000,0.89788905792412,0.97221267595419
"chr8",10000000,0.89938775640706,0.97221267595419
"chr22",40000000,0.90235766375048,0.973452509985367
"chr20",5000000,0.905752448389471,0.974497798744986
"chr8",70000000,0.906976415685876,0.974497798744986
"chr2",115000000,0.911030788314047,0.97688843566205
"chr14",80000000,0.91468392947733,0.977809413354955
"chr9",80000000,0.915551885163816,0.977809413354955
"chr3",95000000,0.918380861859195,0.978873014436747
"chr1",55000000,0.920991240095096,0.979699845041397
"chr6",45000000,0.923602524934701,0.980524350527098
"chr7",100000000,0.926315925146314,0.981453777833594
"chr1",100000000,0.939128389326224,0.990536212866362
"chr1",75000000,0.942794468177393,0.990536212866362
"chr3",10000000,0.94607114779491,0.990536212866362
"chr1",215000000,0.947660292686627,0.990536212866362
"chr22",20000000,0.949784421893481,0.990536212866362
"chr22",50000000,0.949784421893481,0.990536212866362
"chr2",240000000,0.950672276959393,0.990536212866362
"chr5",175000000,0.951812627414859,0.990536212866362
"chr12",65000000,0.952601610173679,0.990536212866362
"chr6",50000000,0.954635831625296,0.990536212866362
"chr19",5000000,0.955292415030293,0.990536212866362
"chr1",240000000,0.959830088818537,0.991576513464099
"chr15",95000000,0.960009470900635,0.991576513464099
"chr2",65000000,0.963400329114274,0.99301782620132
"chr6",10000000,0.965124067038362,0.99301782620132
"chr13",40000000,0.967689868363678,0.993512739096921
"chr13",65000000,0.970447244390114,0.993512739096921
"chr11",55000000,0.971186610128451,0.993512739096921
"chr16",75000000,0.973809730475956,0.994291388287114
"chr6",15000000,0.978255986357681,0.996048258918499
"chr9",120000000,0.981088438568842,0.996048258918499
"chr1",20000000,0.986666639820897,0.996048258918499
"chr2",180000000,0.988543535802972,0.996048258918499
"chr5",105000000,0.99149316813035,0.996048258918499
"chr22",35000000,0.99149316813035,0.996048258918499
"chr3",190000000,0.991912763902157,0.996048258918499
"chr1",115000000,0.992231075745359,0.996048258918499
"chr2",40000000,0.992528492261821,0.996048258918499
"chr1",165000000,0.996048258918499,0.996048258918499
"chr14",45000000,0.996048258918499,0.996048258918499
