"chr","bin_start","p_value","p_adj","overlaps_telomere"
"chr4",5000000,0.000108439033919954,0.0498523853374244,FALSE
"chr19",15000000,0.000186713053698219,0.0498523853374244,FALSE
"chr19",0,0.000372878657150084,0.0521170515489844,TRUE
"chr19",10000000,0.000390389899243329,0.0521170515489844,FALSE
"chr7",0,0.000618954741198348,0.0661043663599836,TRUE
"chr17",0,0.0014741298854088,0.102113557138045,TRUE
"chr12",120000000,0.00153731909660555,0.102113557138045,FALSE
"chr2",140000000,0.00154231397221043,0.102113557138045,FALSE
"chr1",95000000,0.00172101500794457,0.102113557138045,FALSE
"chr11",130000000,0.0021924644775074,0.117077603098895,FALSE
"chr12",5000000,0.00251428704003415,0.122057207216203,FALSE
"chr11",125000000,0.00278026861056171,0.123721953169996,FALSE
"chr11",95000000,0.00382174015868565,0.156985326518318,FALSE
"chr1",5000000,0.00447421351761827,0.170659287029154,FALSE
"chr12",125000000,0.0050560046438789,0.179993765322089,FALSE
"chr10",95000000,0.00616544640956269,0.205771773919155,FALSE
"chr10",25000000,0.0066242956875796,0.208080817480441,FALSE
"chr19",40000000,0.0095739320181447,0.227435896261785,FALSE
"chr11",120000000,0.00972598504416367,0.227435896261785,FALSE
"chr5",0,0.0103516860958882,0.227435896261785,TRUE
"chr8",135000000,0.0104393605782087,0.227435896261785,FALSE
"chr2",60000000,0.0105673472100519,0.227435896261785,FALSE
"chr19",55000000,0.0106556459256933,0.227435896261785,TRUE
"chr7",75000000,0.0110878653720957,0.227435896261785,FALSE
"chr18",65000000,0.0117316894655858,0.227435896261785,FALSE
"chr1",185000000,0.0119152808710238,0.227435896261785,FALSE
"chr17",35000000,0.0119979094185348,0.227435896261785,FALSE
"chr3",100000000,0.012578377775132,0.227435896261785,FALSE
"chr18",40000000,0.0134490864512747,0.227435896261785,FALSE
"chr11",80000000,0.0134756678537174,0.227435896261785,FALSE
"chr1",0,0.0144024958589155,0.227435896261785,TRUE
"chr12",70000000,0.0148617749515339,0.227435896261785,FALSE
"chr17",30000000,0.015320621278195,0.227435896261785,FALSE
"chr1",150000000,0.0154247435442145,0.227435896261785,FALSE
"chr8",5000000,0.0159288036854086,0.227435896261785,FALSE
"chr2",85000000,0.0161177247933307,0.227435896261785,FALSE
"chr17",15000000,0.0167492208595817,0.227435896261785,FALSE
"chr1",25000000,0.0168993601202077,0.227435896261785,FALSE
"chr5",180000000,0.0178693509181206,0.227435896261785,TRUE
"chr9",115000000,0.0180606435514607,0.227435896261785,FALSE
"chr18",45000000,0.0180896410997745,0.227435896261785,FALSE
"chr21",15000000,0.018411703428816,0.227435896261785,FALSE
"chr16",5000000,0.0190103569385525,0.227435896261785,FALSE
"chr10",70000000,0.0193413766686277,0.227435896261785,FALSE
"chr18",30000000,0.0198991976867908,0.227435896261785,FALSE
"chr6",90000000,0.0199526628940069,0.227435896261785,FALSE
"chr11",65000000,0.0201176101096891,0.227435896261785,FALSE
"chr5",155000000,0.0204436760684751,0.227435896261785,FALSE
"chr22",45000000,0.0211061661784153,0.2300141375362,FALSE
"chr17",70000000,0.0226191298768204,0.238846300571514,FALSE
"chr2",125000000,0.0230644074441959,0.238846300571514,FALSE
"chr11",110000000,0.0232584412541549,0.238846300571514,FALSE
"chr12",130000000,0.0240585015330669,0.242400751295429,TRUE
"chr8",110000000,0.0252587810696747,0.249781279466783,FALSE
"chr4",0,0.0263176509599308,0.255520465683692,TRUE
"chr4",40000000,0.0278486498284372,0.256006141790812,FALSE
"chr17",45000000,0.0279249505045698,0.256006141790812,FALSE
"chr19",45000000,0.0283879654685241,0.256006141790812,FALSE
"chr20",60000000,0.0293085152697238,0.256006141790812,TRUE
"chr6",105000000,0.0302873088843773,0.256006141790812,FALSE
"chr12",45000000,0.0303762882755302,0.256006141790812,FALSE
"chr8",85000000,0.0305088492899505,0.256006141790812,FALSE
"chr15",90000000,0.0311836807179428,0.256006141790812,FALSE
"chr2",0,0.0312720957529146,0.256006141790812,TRUE
"chr18",75000000,0.0312800356132325,0.256006141790812,FALSE
"chr20",15000000,0.0316412085359431,0.256006141790812,FALSE
"chr6",85000000,0.0331327596927798,0.264073039939469,FALSE
"chr4",15000000,0.035124931655557,0.268097639151591,FALSE
"chr15",45000000,0.035124931655557,0.268097639151591,FALSE
"chr6",60000000,0.0351438852820437,0.268097639151591,FALSE
"chr3",180000000,0.0362952840565072,0.269764861960573,FALSE
"chr14",20000000,0.0363727903767065,0.269764861960573,FALSE
"chr1",155000000,0.0378464262447261,0.271327020691306,FALSE
"chr5",60000000,0.0379506544029934,0.271327020691306,FALSE
"chr3",60000000,0.0382618263922229,0.271327020691306,FALSE
"chr2",95000000,0.0386158306601859,0.271327020691306,FALSE
"chr10",100000000,0.0402347814538487,0.278041252636975,FALSE
"chr10",110000000,0.0406127672391088,0.278041252636975,FALSE
"chr12",60000000,0.0415560471588698,0.280420083896956,FALSE
"chr13",75000000,0.0421931230812156,0.280420083896956,FALSE
"chr9",70000000,0.0426046759538329,0.280420083896956,FALSE
"chr8",0,0.0430607619467236,0.280420083896956,TRUE
"chr4",75000000,0.0441409793018813,0.283991360809694,FALSE
"chr1",205000000,0.0453423617597449,0.287550042391946,FALSE
"chr1",160000000,0.0457710741635119,0.287550042391946,FALSE
"chr17",60000000,0.0486277963875145,0.30014570289716,FALSE
"chr6",125000000,0.0489001426068406,0.30014570289716,FALSE
"chr18",25000000,0.0515816377121465,0.302715791061337,FALSE
"chr5",140000000,0.0515816377121465,0.302715791061337,FALSE
"chr5",165000000,0.05225528378988,0.302715791061337,FALSE
"chr5",130000000,0.0525175693996906,0.302715791061337,FALSE
"chr2",10000000,0.0525405356184391,0.302715791061337,FALSE
"chr1",10000000,0.052720165858997,0.302715791061337,FALSE
"chr13",90000000,0.0536109343275978,0.304094055265558,FALSE
"chr13",80000000,0.0540991296820749,0.304094055265558,FALSE
"chr2",200000000,0.0557489539091721,0.309776740282892,FALSE
"chr12",25000000,0.0562703067555066,0.309776740282892,FALSE
"chr19",50000000,0.0574312692777419,0.311778580686915,FALSE
"chr14",105000000,0.0586773920775168,0.311778580686915,TRUE
"chr11",90000000,0.0588431375579878,0.311778580686915,FALSE
"chr16",90000000,0.0590903421804927,0.311778580686915,TRUE
"chr16",0,0.059839048610432,0.311778580686915,TRUE
"chr2",230000000,0.0601370670613338,0.311778580686915,FALSE
"chr13",45000000,0.0611764439853576,0.312366431378371,FALSE
"chr4",65000000,0.0622030724341384,0.312366431378371,FALSE
"chr16",15000000,0.0625638007090592,0.312366431378371,FALSE
"chr19",35000000,0.0625902774484751,0.312366431378371,FALSE
"chr4",20000000,0.065027902895721,0.32152685320662,FALSE
"chr20",20000000,0.06715766406977,0.322303819511965,FALSE
"chr10",0,0.0674148358609365,0.322303819511965,TRUE
"chr15",50000000,0.0674184014104912,0.322303819511965,FALSE
"chr3",185000000,0.0675993029688016,0.322303819511965,FALSE
"chr13",50000000,0.0718156108380244,0.339376426438098,FALSE
"chr15",20000000,0.0741331687465574,0.346922475874188,FALSE
"chr5",5000000,0.0747117691489356,0.346922475874188,FALSE
"chr1",200000000,0.0760070672110852,0.347488989044815,FALSE
"chr5",85000000,0.0770235996282366,0.347488989044815,FALSE
"chr4",70000000,0.0771401940718298,0.347488989044815,FALSE
"chr7",130000000,0.0774366848245937,0.347488989044815,FALSE
"chr17",75000000,0.0803932503416623,0.357749964020397,FALSE
"chr3",195000000,0.0833371357914486,0.367785376137467,TRUE
"chr10",55000000,0.0856246373461434,0.374783248711808,FALSE
"chr8",15000000,0.0883831510864847,0.383712216912055,FALSE
"chr15",40000000,0.0891468058255077,0.383906405732428,FALSE
"chr3",120000000,0.0907643450141828,0.387745281900589,FALSE
"chr12",40000000,0.0928629593091904,0.393094647295931,FALSE
"chr11",85000000,0.0934888018849873,0.393094647295931,FALSE
"chr12",90000000,0.0954755359462075,0.398312001525584,FALSE
"chr4",190000000,0.0974244200613196,0.398417301085245,TRUE
"chr3",150000000,0.0995667315813246,0.398417301085245,FALSE
"chr3",40000000,0.0998729756580919,0.398417301085245,FALSE
"chr6",75000000,0.0998729756580919,0.398417301085245,FALSE
"chr9",15000000,0.100524793098561,0.398417301085245,FALSE
"chr18",55000000,0.100524793098561,0.398417301085245,FALSE
"chr2",145000000,0.100723474993461,0.398417301085245,FALSE
"chr8",95000000,0.103087247611378,0.402758233214326,FALSE
"chr18",50000000,0.103626594957144,0.402758233214326,FALSE
"chr6",100000000,0.104083588358758,0.402758233214326,FALSE
"chr10",120000000,0.105428029484155,0.405025667226897,FALSE
"chr12",85000000,0.106360330333651,0.405688688558356,FALSE
"chr2",135000000,0.10789383871702,0.408619218970843,FALSE
"chr3",5000000,0.111011847155337,0.412966724989287,FALSE
"chr7",85000000,0.111443239801944,0.412966724989287,FALSE
"chr3",155000000,0.111843178848917,0.412966724989287,FALSE
"chr20",55000000,0.113056411623877,0.412966724989287,FALSE
"chr1",170000000,0.113575812297206,0.412966724989287,FALSE
"chr17",40000000,0.114766962574134,0.412966724989287,FALSE
"chr8",115000000,0.116059370353177,0.412966724989287,FALSE
"chr2",175000000,0.116088837364165,0.412966724989287,FALSE
"chr6",110000000,0.116216614223046,0.412966724989287,FALSE
"chr10",50000000,0.116775234968881,0.412966724989287,FALSE
"chr14",95000000,0.119006483394512,0.418088566662299,FALSE
"chr7",40000000,0.120870542830413,0.420294567674268,FALSE
"chr4",155000000,0.121208545733778,0.420294567674268,FALSE
"chr10",45000000,0.124135756364826,0.426246742958766,FALSE
"chr2",75000000,0.12452152041492,0.426246742958766,FALSE
"chr1",105000000,0.128347927520034,0.436546454112727,FALSE
"chr20",0,0.130274221886949,0.436736016049969,TRUE
"chr5",100000000,0.131427627989911,0.436736016049969,FALSE
"chr11",20000000,0.132128294490645,0.436736016049969,FALSE
"chr12",10000000,0.132336702251837,0.436736016049969,FALSE
"chr12",15000000,0.132864079735097,0.436736016049969,FALSE
"chr12",0,0.133310806397275,0.436736016049969,TRUE
"chr21",20000000,0.138899800137174,0.447625002550221,FALSE
"chr11",60000000,0.140752012329658,0.447625002550221,FALSE
"chr7",150000000,0.141833560693255,0.447625002550221,FALSE
"chr2",225000000,0.143043405824176,0.447625002550221,FALSE
"chr4",170000000,0.143779634471109,0.447625002550221,FALSE
"chr11",115000000,0.144124266289723,0.447625002550221,FALSE
"chr1",15000000,0.144376537010707,0.447625002550221,FALSE
"chr2",185000000,0.14735114077639,0.447625002550221,FALSE
"chr1",80000000,0.147351660320614,0.447625002550221,FALSE
"chr8",105000000,0.148188939170153,0.447625002550221,FALSE
"chr1",65000000,0.148729138591014,0.447625002550221,FALSE
"chr20",45000000,0.149199745733876,0.447625002550221,FALSE
"chr3",125000000,0.149330792509302,0.447625002550221,FALSE
"chr1",50000000,0.14984767787557,0.447625002550221,FALSE
"chr18",10000000,0.15016660932124,0.447625002550221,FALSE
"chr2",110000000,0.151121088103079,0.447625002550221,FALSE
"chr6",80000000,0.151259688907892,0.447625002550221,FALSE
"chr17",50000000,0.15266939393684,0.447625002550221,FALSE
"chr15",25000000,0.153613780564143,0.447625002550221,FALSE
"chr4",150000000,0.155248920765402,0.447625002550221,FALSE
"chr10",125000000,0.155411580741628,0.447625002550221,FALSE
"chr8",145000000,0.155569474382423,0.447625002550221,TRUE
"chr3",85000000,0.155914326730976,0.447625002550221,FALSE
"chr5",160000000,0.157671768866802,0.450249864036749,FALSE
"chr5",40000000,0.162948325739519,0.462842584813313,FALSE
"chr15",30000000,0.165347269776945,0.465746591243732,FALSE
"chr3",160000000,0.166587263909275,0.465746591243732,FALSE
"chr2",210000000,0.166587263909275,0.465746591243732,FALSE
"chr3",145000000,0.168986743803129,0.469994381202454,FALSE
"chr3",135000000,0.17293605071075,0.478342924744589,FALSE
"chr12",110000000,0.17499515292791,0.478342924744589,FALSE
"chr11",40000000,0.175168001859056,0.478342924744589,FALSE
"chr2",150000000,0.175620066151989,0.478342924744589,FALSE
"chr2",215000000,0.176467333660457,0.478342924744589,FALSE
"chr9",135000000,0.179519832582152,0.48179453123387,TRUE
"chr3",110000000,0.179545153025356,0.48179453123387,FALSE
"chr13",30000000,0.180662795302994,0.482369663458994,FALSE
"chr8",100000000,0.184991265047852,0.490154929417651,FALSE
"chr7",80000000,0.185414411502557,0.490154929417651,FALSE
"chr11",45000000,0.187947184700572,0.493143199800227,FALSE
"chr2",170000000,0.188717468043268,0.493143199800227,FALSE
"chr5",125000000,0.189315273331548,0.493143199800227,FALSE
"chr8",65000000,0.193575792800498,0.501793559977989,FALSE
"chr4",145000000,0.197046471068163,0.505943137159209,FALSE
"chr5",35000000,0.19707148413692,0.505943137159209,FALSE
"chr21",30000000,0.203141595091641,0.519031635305915,FALSE
"chr7",45000000,0.205936852868995,0.523667997295445,FALSE
"chr20",40000000,0.208029167272172,0.526481399636681,FALSE
"chr9",30000000,0.209646896112683,0.52718234794773,FALSE
"chr3",55000000,0.210280599462297,0.52718234794773,FALSE
"chr15",100000000,0.21133531840119,0.527350747786146,TRUE
"chr5",115000000,0.217270999120018,0.53604294250746,FALSE
"chr7",155000000,0.217504010091656,0.53604294250746,TRUE
"chr7",95000000,0.217830184502095,0.53604294250746,FALSE
"chr3",30000000,0.220531107097054,0.540200051329481,FALSE
"chr7",145000000,0.222668826344014,0.54281554217912,FALSE
"chr9",125000000,0.22363187130975,0.54281554217912,FALSE
"chr3",20000000,0.225023946950845,0.543723021139145,FALSE
"chr14",55000000,0.227834148575147,0.546268892783802,FALSE
"chr18",80000000,0.228123526387243,0.546268892783802,TRUE
"chr8",90000000,0.23242741568583,0.554090357036756,FALSE
"chr15",80000000,0.238870420360364,0.566919130988597,FALSE
"chr6",120000000,0.241639597994701,0.567856251599342,FALSE
"chr5",20000000,0.242393080706217,0.567856251599342,FALSE
"chr10",115000000,0.242455478210955,0.567856251599342,FALSE
"chr16",45000000,0.245625363394994,0.572768314641601,FALSE
"chr2",70000000,0.25008920823742,0.578583044728109,FALSE
"chr12",55000000,0.250285923843058,0.578583044728109,FALSE
"chr14",85000000,0.252150454113826,0.578595587367412,FALSE
"chr21",45000000,0.25352332071768,0.578595587367412,TRUE
"chr4",130000000,0.253576960049051,0.578595587367412,FALSE
"chr12",20000000,0.256099112704831,0.578595587367412,FALSE
"chr4",10000000,0.258961168230282,0.578595587367412,FALSE
"chr20",10000000,0.259473906048655,0.578595587367412,FALSE
"chr11",100000000,0.26095564452151,0.578595587367412,FALSE
"chr16",30000000,0.261088172537098,0.578595587367412,FALSE
"chr18",60000000,0.261671542276971,0.578595587367412,FALSE
"chr18",0,0.261715831976516,0.578595587367412,TRUE
"chr3",45000000,0.262209985286355,0.578595587367412,FALSE
"chr6",115000000,0.264811468659967,0.581931375573755,FALSE
"chr11",105000000,0.266647848956538,0.582063241124655,FALSE
"chr7",120000000,0.267051487032847,0.582063241124655,FALSE
"chr4",60000000,0.269597372760986,0.585223565261652,FALSE
"chr16",20000000,0.27250264680731,0.585304842603514,FALSE
"chr2",120000000,0.27250264680731,0.585304842603514,FALSE
"chr4",55000000,0.27508983065848,0.585304842603514,FALSE
"chr1",245000000,0.275117960221718,0.585304842603514,TRUE
"chr5",10000000,0.277231985980562,0.585304842603514,FALSE
"chr11",135000000,0.277863183424213,0.585304842603514,TRUE
"chr11",70000000,0.279159419850877,0.585304842603514,FALSE
"chr5",15000000,0.279218483153553,0.585304842603514,FALSE
"chr8",25000000,0.280995214179713,0.585304842603514,FALSE
"chr2",100000000,0.282465367146758,0.585304842603514,FALSE
"chr10",5000000,0.285106925648339,0.585304842603514,FALSE
"chr12",50000000,0.28641271662361,0.585304842603514,FALSE
"chr13",70000000,0.286970701368546,0.585304842603514,FALSE
"chr1",85000000,0.287469965358772,0.585304842603514,FALSE
"chr9",20000000,0.287737676717783,0.585304842603514,FALSE
"chr4",185000000,0.289406326057602,0.585304842603514,FALSE
"chr11",25000000,0.290019222336695,0.585304842603514,FALSE
"chr16",10000000,0.290928691678311,0.585304842603514,FALSE
"chr7",30000000,0.293661822218733,0.585304842603514,FALSE
"chr12",80000000,0.293661822218733,0.585304842603514,FALSE
"chr15",75000000,0.294014075461869,0.585304842603514,FALSE
"chr14",50000000,0.294844574270309,0.585304842603514,FALSE
"chr2",105000000,0.294844574270309,0.585304842603514,FALSE
"chr2",235000000,0.29759665408658,0.586534304762223,FALSE
"chr7",115000000,0.297660667772589,0.586534304762223,FALSE
"chr18",70000000,0.300007143727548,0.5880533382025,FALSE
"chr14",75000000,0.30063400997993,0.5880533382025,FALSE
"chr14",40000000,0.304325150022852,0.593100839825558,FALSE
"chr5",30000000,0.306992485415856,0.596123589862062,FALSE
"chr10",130000000,0.30955765542825,0.598163352572737,TRUE
"chr2",130000000,0.31028323719597,0.598163352572737,FALSE
"chr11",15000000,0.312937687420041,0.599625834760033,FALSE
"chr10",30000000,0.313287655239792,0.599625834760033,FALSE
"chr6",0,0.321297388352426,0.612760019214984,TRUE
"chr14",60000000,0.324494252868788,0.613807499834778,FALSE
"chr4",165000000,0.32511725672295,0.613807499834778,FALSE
"chr10",65000000,0.325294985867495,0.613807499834778,FALSE
"chr9",10000000,0.327421475412383,0.615644605176804,FALSE
"chr21",40000000,0.331837908714786,0.621759450012967,FALSE
"chr6",130000000,0.334182689179444,0.623963482593788,FALSE
"chr14",100000000,0.336880017848705,0.626808116833479,FALSE
"chr8",50000000,0.339315455431813,0.628759159011622,FALSE
"chr6",35000000,0.340283514895803,0.628759159011622,FALSE
"chr3",170000000,0.350177813408458,0.644810180552126,FALSE
"chr1",145000000,0.355276797131455,0.651951235973186,FALSE
"chr2",205000000,0.359018027402998,0.653150563610066,FALSE
"chr16",65000000,0.360485614920809,0.653150563610066,FALSE
"chr13",55000000,0.36118153983934,0.653150563610066,FALSE
"chr2",50000000,0.362825518487376,0.653150563610066,FALSE
"chr10",80000000,0.364096787557909,0.653150563610066,FALSE
"chr9",95000000,0.364610655329267,0.653150563610066,FALSE
"chr8",55000000,0.365764352448652,0.653150563610066,FALSE
"chr17",5000000,0.366261202296391,0.653150563610066,FALSE
"chr3",175000000,0.36693851888206,0.653150563610066,FALSE
"chr3",115000000,0.369842852100175,0.653643393926123,FALSE
"chr13",35000000,0.370887543744598,0.653643393926123,FALSE
"chr9",130000000,0.370887543744598,0.653643393926123,FALSE
"chr9",60000000,0.376022828256242,0.654299244545873,FALSE
"chr9",25000000,0.376410165180509,0.654299244545873,FALSE
"chr9",75000000,0.376611950499036,0.654299244545873,FALSE
"chr8",35000000,0.378623747715054,0.654299244545873,FALSE
"chr2",15000000,0.381901893705388,0.654299244545873,FALSE
"chr21",35000000,0.383817425433562,0.654299244545873,FALSE
"chr6",165000000,0.383947363881711,0.654299244545873,FALSE
"chr1",230000000,0.384359125914741,0.654299244545873,FALSE
"chr1",110000000,0.385054975935255,0.654299244545873,FALSE
"chr4",160000000,0.385473362322151,0.654299244545873,FALSE
"chr11",30000000,0.386097710406567,0.654299244545873,FALSE
"chr2",155000000,0.387024529830996,0.654299244545873,FALSE
"chr1",70000000,0.387188316997183,0.654299244545873,FALSE
"chr8",130000000,0.390507568875422,0.657826630219166,FALSE
"chr10",10000000,0.395913115016333,0.664174123375313,FALSE
"chr12",75000000,0.39800696531854,0.664174123375313,FALSE
"chr4",110000000,0.39800696531854,0.664174123375313,FALSE
"chr2",80000000,0.408747250706511,0.678332710426232,FALSE
"chr1",225000000,0.409909061640889,0.678332710426232,FALSE
"chr8",30000000,0.41030236978965,0.678332710426232,FALSE
"chr15",35000000,0.414139433866155,0.682563141001625,FALSE
"chr13",20000000,0.417535122121914,0.686042323732623,FALSE
"chr1",180000000,0.421647909598568,0.690674796704403,FALSE
"chr2",160000000,0.426520951681394,0.694948015771712,FALSE
"chr7",140000000,0.426859455380377,0.694948015771712,FALSE
"chr18",35000000,0.42845024817011,0.695417728032945,FALSE
"chr5",25000000,0.430752625631896,0.695518525382351,FALSE
"chr1",190000000,0.431117288205165,0.695518525382351,FALSE
"chr10",15000000,0.437303861335314,0.700524847115533,FALSE
"chr7",65000000,0.438724697382777,0.700524847115533,FALSE
"chr5",110000000,0.439102301733551,0.700524847115533,FALSE
"chr14",90000000,0.439467834800943,0.700524847115533,FALSE
"chr13",60000000,0.442975915262032,0.704015293898587,FALSE
"chr6",155000000,0.448482698922987,0.71065211045957,FALSE
"chr5",145000000,0.453200636957986,0.712231065715864,FALSE
"chr19",30000000,0.453827460059762,0.712231065715864,FALSE
"chr15",60000000,0.454309359025886,0.712231065715864,FALSE
"chr22",25000000,0.454814219867246,0.712231065715864,FALSE
"chr7",50000000,0.462200509495613,0.721681497282623,FALSE
"chr3",80000000,0.464381242330009,0.722766943977495,FALSE
"chr16",60000000,0.465602675521083,0.722766943977495,FALSE
"chr6",5000000,0.468263173486331,0.72478995548319,FALSE
"chr9",5000000,0.477506601849101,0.736868767575935,FALSE
"chr5",55000000,0.478826708518445,0.736868767575935,FALSE
"chr11",0,0.487329251931714,0.746223747415296,TRUE
"chr13",105000000,0.487700539041083,0.746223747415296,FALSE
"chr4",105000000,0.489224741023796,0.746417176304878,FALSE
"chr3",35000000,0.492733740323211,0.749629109209671,FALSE
"chr2",165000000,0.495585961384741,0.75182643005526,FALSE
"chr5",65000000,0.502129029890568,0.755728118675667,FALSE
"chr4",25000000,0.50221933094175,0.755728118675667,FALSE
"chr7",110000000,0.502403524587757,0.755728118675667,FALSE
"chr11",35000000,0.505117554944096,0.757676332416144,FALSE
"chr4",90000000,0.508751309263798,0.759492616624436,FALSE
"chr3",70000000,0.510296317704235,0.759492616624436,FALSE
"chr16",50000000,0.511281455275957,0.759492616624436,FALSE
"chr4",115000000,0.512017494353552,0.759492616624436,FALSE
"chr15",70000000,0.51505397640951,0.760941963303072,FALSE
"chr11",75000000,0.515844551902083,0.760941963303072,FALSE
"chr2",55000000,0.519920149626029,0.764841211846555,FALSE
"chr4",180000000,0.52582139511899,0.771397321410826,FALSE
"chr1",60000000,0.52801365621103,0.772491212100521,FALSE
"chr11",5000000,0.531665883921047,0.77570924047497,FALSE
"chr4",175000000,0.534230871161275,0.777327752588885,FALSE
"chr6",160000000,0.535974190081058,0.777745156258926,FALSE
"chr2",195000000,0.538208780331967,0.778871243082033,FALSE
"chr5",135000000,0.540262163204795,0.779729716625298,FALSE
"chr7",90000000,0.546706482519068,0.785918116483011,FALSE
"chr6",30000000,0.547493519347716,0.785918116483011,FALSE
"chr9",85000000,0.552179232968993,0.788803258476271,FALSE
"chr3",0,0.552457712865403,0.788803258476271,TRUE
"chr10",75000000,0.566150896468153,0.80619887657065,FALSE
"chr6",140000000,0.573514383205722,0.811321329515643,FALSE
"chr8",120000000,0.573732816588948,0.811321329515643,FALSE
"chr4",135000000,0.576805735013431,0.811321329515643,FALSE
"chr22",35000000,0.57877776959046,0.811321329515643,FALSE
"chr7",25000000,0.579725431396936,0.811321329515643,FALSE
"chr3",65000000,0.579725431396936,0.811321329515643,FALSE
"chr11",10000000,0.583937082173558,0.811321329515643,FALSE
"chr7",125000000,0.583937082173558,0.811321329515643,FALSE
"chr1",90000000,0.585652598274433,0.811321329515643,FALSE
"chr8",20000000,0.588583870624687,0.811321329515643,FALSE
"chr4",120000000,0.59036923810351,0.811321329515643,FALSE
"chr13",85000000,0.590785699837888,0.811321329515643,FALSE
"chr21",5000000,0.591129501923083,0.811321329515643,FALSE
"chr9",80000000,0.591830226649494,0.811321329515643,FALSE
"chr15",55000000,0.592538049646256,0.811321329515643,FALSE
"chr5",170000000,0.60541180147345,0.825781191909353,FALSE
"chr2",5000000,0.606191436757428,0.825781191909353,FALSE
"chr17",55000000,0.61199850141379,0.830677416217174,FALSE
"chr9",110000000,0.612896820205181,0.830677416217174,FALSE
"chr2",20000000,0.616927321870842,0.831434728271479,FALSE
"chr2",35000000,0.618966686756785,0.831434728271479,FALSE
"chr10",90000000,0.620157241495738,0.831434728271479,FALSE
"chr6",70000000,0.621216461204786,0.831434728271479,FALSE
"chr7",105000000,0.621240555393858,0.831434728271479,FALSE
"chr14",35000000,0.626413852124946,0.834603634895847,FALSE
"chr1",215000000,0.626734190249503,0.834603634895847,FALSE
"chr7",35000000,0.629276174023694,0.835904171464309,FALSE
"chr3",140000000,0.633807579814711,0.839834361342571,FALSE
"chr6",95000000,0.638797163961285,0.844350706820114,FALSE
"chr21",25000000,0.641155185984831,0.845374985965184,FALSE
"chr3",165000000,0.66018643782976,0.861840263273599,FALSE
"chr8",60000000,0.661442283748299,0.861840263273599,FALSE
"chr16",85000000,0.661442283748299,0.861840263273599,FALSE
"chr1",35000000,0.662434199009314,0.861840263273599,FALSE
"chr8",125000000,0.664296001700506,0.861840263273599,FALSE
"chr8",80000000,0.664527923132998,0.861840263273599,FALSE
"chr6",20000000,0.66494042784405,0.861840263273599,FALSE
"chr9",100000000,0.671985207307468,0.867163971055777,FALSE
"chr10",60000000,0.672295662953355,0.867163971055777,FALSE
"chr9",0,0.676385203967852,0.870336623900803,TRUE
"chr10",85000000,0.68532739090156,0.87792911305924,FALSE
"chr7",5000000,0.688764834871066,0.87792911305924,FALSE
"chr15",65000000,0.688764834871066,0.87792911305924,FALSE
"chr4",125000000,0.688861981969703,0.87792911305924,FALSE
"chr6",45000000,0.692478281443449,0.880436672120957,FALSE
"chr9",105000000,0.703729253707498,0.890337807776576,FALSE
"chr9",90000000,0.706513769427045,0.890337807776576,FALSE
"chr6",170000000,0.706513769427045,0.890337807776576,TRUE
"chr16",80000000,0.706934888571664,0.890337807776576,FALSE
"chr16",55000000,0.713747298392314,0.896802487862343,FALSE
"chr6",150000000,0.715854272679335,0.897338454485364,FALSE
"chr1",175000000,0.719203888159863,0.897371936494121,FALSE
"chr19",5000000,0.719241926628247,0.897371936494121,FALSE
"chr1",195000000,0.724027930006013,0.899053373085944,FALSE
"chr12",105000000,0.725906700689076,0.899053373085944,FALSE
"chr5",80000000,0.727621003297809,0.899053373085944,FALSE
"chr3",15000000,0.728565723237019,0.899053373085944,FALSE
"chr17",80000000,0.729007697652086,0.899053373085944,TRUE
"chr18",5000000,0.731015367522884,0.899452088150276,FALSE
"chr15",95000000,0.734827048825483,0.902063549592662,FALSE
"chr5",120000000,0.737227558853891,0.902934670706371,FALSE
"chr13",25000000,0.744465743281226,0.909301959107348,FALSE
"chr1",30000000,0.745831943986926,0.909301959107348,FALSE
"chr1",235000000,0.748550756784012,0.909472034429542,FALSE
"chr4",100000000,0.75108083742215,0.909472034429542,FALSE
"chr7",135000000,0.75108083742215,0.909472034429542,FALSE
"chr13",100000000,0.763133253668291,0.920169994531802,FALSE
"chr1",45000000,0.763361999208967,0.920169994531802,FALSE
"chr16",70000000,0.767450573339801,0.923014878746517,FALSE
"chr13",110000000,0.771400556870613,0.925133725421957,TRUE
"chr2",190000000,0.77267723134493,0.925133725421957,FALSE
"chr1",220000000,0.782026169547415,0.934071936120617,FALSE
"chr3",95000000,0.783640875247259,0.934071936120617,FALSE
"chr2",220000000,0.791345911622127,0.941052537092274,FALSE
"chr8",10000000,0.793021800920455,0.941052537092274,FALSE
"chr14",25000000,0.79542168638705,0.941807495633447,FALSE
"chr6",10000000,0.798366308679455,0.943202674413339,FALSE
"chr6",135000000,0.80551146762898,0.947451814347744,FALSE
"chr4",140000000,0.80551146762898,0.947451814347744,FALSE
"chr3",25000000,0.812494226072439,0.951822463407958,FALSE
"chr6",40000000,0.812792215943874,0.951822463407958,FALSE
"chr16",25000000,0.818720168391995,0.956666454970078,FALSE
"chr7",15000000,0.822594617029607,0.957005502165164,FALSE
"chr4",80000000,0.822594617029607,0.957005502165164,FALSE
"chr6",65000000,0.825165457629273,0.957909466030504,FALSE
"chr6",15000000,0.829038252799672,0.958871033750099,FALSE
"chr14",65000000,0.829585051671434,0.958871033750099,FALSE
"chr9",65000000,0.832914540438607,0.960640096315801,FALSE
"chr17",10000000,0.836118821624854,0.962257436956189,FALSE
"chr4",30000000,0.84006375835753,0.963071151999056,FALSE
"chr7",20000000,0.842261447024278,0.963071151999056,FALSE
"chr10",105000000,0.842261447024278,0.963071151999056,FALSE
"chr5",90000000,0.846584533952063,0.963071151999056,FALSE
"chr5",95000000,0.849191424951601,0.963071151999056,FALSE
"chr6",25000000,0.849356119283101,0.963071151999056,FALSE
"chr17",65000000,0.849718559254288,0.963071151999056,FALSE
"chr13",40000000,0.851253902141488,0.963071151999056,FALSE
"chr14",30000000,0.855550743921323,0.964366526953365,FALSE
"chr2",65000000,0.861617366550727,0.964366526953365,FALSE
"chr9",120000000,0.863320307345617,0.964366526953365,FALSE
"chr22",50000000,0.86355167997931,0.964366526953365,TRUE
"chr7",10000000,0.864221792475426,0.964366526953365,FALSE
"chr2",40000000,0.864221792475426,0.964366526953365,FALSE
"chr12",65000000,0.865609357271206,0.964366526953365,FALSE
"chr9",35000000,0.866846316362575,0.964366526953365,FALSE
"chr3",105000000,0.875307731409095,0.967309705056714,FALSE
"chr2",30000000,0.881455396522078,0.967309705056714,FALSE
"chr12",100000000,0.883234915561334,0.967309705056714,FALSE
"chr2",240000000,0.883368835690315,0.967309705056714,TRUE
"chr5",150000000,0.883817460279524,0.967309705056714,FALSE
"chr1",100000000,0.886067127260269,0.967309705056714,FALSE
"chr2",115000000,0.8868141189617,0.967309705056714,FALSE
"chr14",70000000,0.890112764773317,0.967309705056714,FALSE
"chr5",70000000,0.8901221801312,0.967309705056714,FALSE
"chr1",210000000,0.893014259968562,0.967309705056714,FALSE
"chr5",175000000,0.894123278596106,0.967309705056714,FALSE
"chr3",75000000,0.894366059952785,0.967309705056714,FALSE
"chr4",95000000,0.894366059952785,0.967309705056714,FALSE
"chr1",165000000,0.897575693038644,0.967309705056714,FALSE
"chr20",35000000,0.898474932037697,0.967309705056714,FALSE
"chr1",75000000,0.898474932037697,0.967309705056714,FALSE
"chr12",115000000,0.903886129662023,0.969104481454904,FALSE
"chr7",70000000,0.905586397464408,0.969104481454904,FALSE
"chr15",85000000,0.905586397464414,0.969104481454904,FALSE
"chr1",40000000,0.912210425321818,0.971023484244311,FALSE
"chr6",145000000,0.912522464615346,0.971023484244311,FALSE
"chr2",45000000,0.914287331731072,0.971023484244311,FALSE
"chr8",70000000,0.917038030506263,0.971023484244311,FALSE
"chr20",50000000,0.918303150600551,0.971023484244311,FALSE
"chr7",100000000,0.918850507289161,0.971023484244311,FALSE
"chr22",40000000,0.920108395182811,0.971023484244311,FALSE
"chr20",5000000,0.92952550137769,0.979026859439224,FALSE
"chr3",10000000,0.933795902006517,0.98158860565252,FALSE
"chr10",20000000,0.940046056271142,0.985683111827699,FALSE
"chr22",30000000,0.941382747251173,0.985683111827699,FALSE
"chr3",50000000,0.950672276959393,0.991903594031645,FALSE
"chr5",105000000,0.951795847649264,0.991903594031645,FALSE
"chr16",75000000,0.954753646689636,0.991903594031645,FALSE
"chr4",85000000,0.954753646689636,0.991903594031645,FALSE
"chr22",20000000,0.961238970381706,0.994896442845175,FALSE
"chr4",35000000,0.963223709645984,0.994896442845175,FALSE
"chr3",130000000,0.963223709645984,0.994896442845175,FALSE
"chr8",75000000,0.965941112843472,0.994977169067894,FALSE
"chr3",190000000,0.967689868363678,0.994977169067894,FALSE
"chr1",240000000,0.96889162530956,0.994977169067894,FALSE
"chr1",115000000,0.973782262527538,0.996173980531649,FALSE
"chr13",65000000,0.974726917841563,0.996173980531649,FALSE
"chr6",50000000,0.977452648366985,0.996173980531649,FALSE
"chr2",25000000,0.978021467583116,0.996173980531649,FALSE
"chr13",95000000,0.979384531421565,0.996173980531649,FALSE
"chr12",95000000,0.982705218431231,0.997163591670756,FALSE
"chr14",80000000,0.984092158821139,0.997163591670756,FALSE
"chr8",140000000,0.986666639820897,0.997516790816858,FALSE
"chr1",55000000,0.99149316813035,0.997516790816858,FALSE
"chr11",55000000,0.991531623685455,0.997516790816858,FALSE
"chr5",75000000,0.991912763902157,0.997516790816858,FALSE
"chr14",45000000,0.994725132413191,0.998097833042446,FALSE
"chr1",20000000,0.996859850411362,0.998097833042446,FALSE
"chr2",180000000,0.998097833042446,0.998097833042446,FALSE
